x,y,xdot,ydot
0.8700746399999999,-0.0612894,-0.012746806440689873,-0.16918224617172425
0.869947171935593,-0.06298122246171724,-0.013990121057972461,-0.16465711831419724
0.8698072707250133,-0.06462779364485921,-0.014811363876578615,-0.1603187297191048
0.8696591570862475,-0.06623098094205025,-0.015538919874734712,-0.1566482137865684
0.8695037678875002,-0.06779746307991594,-0.016660022027910632,-0.1534309197460539
0.869337167667221,-0.06933177227737648,-0.018089606647585015,-0.14986915764596487
0.8691562716007452,-0.07083046385383614,-0.019537472864086892,-0.1460370215701153
0.8689608968721043,-0.07229083406953729,-0.021016629600807878,-0.14207317730455998
0.8687507305760962,-0.07371156584258289,-0.022481981615035316,-0.13806389987244683
0.8685259107599459,-0.07509220484130735,-0.023966082200498787,-0.13400094996239237
0.8682862499379409,-0.07643221434093128,-0.025461520532744506,-0.12991355879957167
0.8680316347326135,-0.077731349928927,-0.027011786197671212,-0.12579366302825756
0.8677615168706367,-0.07898928655920957,-0.028523406979218926,-0.12165334536687719
0.8674762828008445,-0.08020582001287835,-0.030042485659257073,-0.11748591548242492
0.867175857944252,-0.0813806791677026,-0.03161660865144969,-0.11326246098612669
0.8668596918577375,-0.08251330377756387,-0.03312822807361859,-0.109046078092657
0.8665284095770013,-0.08360376455849045,-0.03464598626928624,-0.10481191315586137
0.8661819497143084,-0.08465188369004906,-0.036199751216508785,-0.10052917628045169
0.8658199522021434,-0.08565717545285358,-0.03770448268454871,-0.0962358399638061
0.8654429073752978,-0.08661953385249163,-0.03925053053910719,-0.09188136341387096
0.8650504020699068,-0.08753834748663034,-0.04071808482270727,-0.08757862032072723
0.8646432212216797,-0.08841413368983761,-0.042183926038691685,-0.08326078474076766
0.8642213819612927,-0.08924674153724528,-0.04366563290614431,-0.07886863504525908
0.8637847256322313,-0.09003542788769787,-0.04509801000614296,-0.07451731113324964
0.8633337455321699,-0.09078060099903038,-0.046546693069920056,-0.0700643579750215
0.8628682786014708,-0.0914812445787806,-0.0479357302509362,-0.06568946884428542
0.8623889212989614,-0.09213813926722345,-0.049325548974642024,-0.0612262724751064
0.861895665809215,-0.09275040199197451,-0.050716892168141056,-0.05671190099601445
0.8613884968875335,-0.09331752100193466,-0.05202841321494428,-0.0523061122076375
0.860868212755384,-0.09384058212401103,-0.05333629320763215,-0.04780113655949383
0.8603348498233078,-0.09431859348960597,-0.05463869928278728,-0.04325207071463076
0.8597884628304799,-0.09475111419675228,-0.0559211710924093,-0.038689595567724375
0.8592292511195558,-0.09513801015242952,-0.057190167018392794,-0.034107068475112884
0.8586573494493719,-0.09547908083718065,-0.058461810584468914,-0.029501270032463958
0.8580727313435272,-0.0957740935375053,-0.05979195827952921,-0.0248741257104679
0.8574748117607319,-0.09602283479460998,-0.061367377680794456,-0.02026531704839203
0.8568611379839239,-0.09622548796509389,-0.06310146039220178,-0.015033299470879682
0.8562301233800019,-0.09637582095980268,-0.0641562951282936,-0.009226243862458787
0.855588560428719,-0.09646808339842727,-0.06539563499443556,-0.003754627471288907
0.8549346040787746,-0.09650562967314016,-0.06641809775176973,0.0017360342436654177
0.8542704231012569,-0.09648826933070351,-0.06743577923689902,0.007067668124528413
0.8535960653088879,-0.09641759264945822,-0.06833475959263262,0.012372559258398787
0.8529127177129615,-0.09629386705687423,-0.06917580471737175,0.017591672240796635
0.8522209596657878,-0.09611795033446627,-0.06995407128604257,0.02273571437907928
0.8515214189529274,-0.09589059319067547,-0.07066906131713895,0.02782023885242063
0.850814728339756,-0.09561239080215127,-0.07128968363891183,0.032913979176652786
0.8501018315033669,-0.09528325101038473,-0.07183917825632707,0.0379709787933211
0.8493834397208037,-0.09490354122245152,-0.07237119832628859,0.042938341004155556
0.8486597277375407,-0.09447415781240996,-0.07279309313828772,0.04793170206435729
0.8479317968061578,-0.09399484079176638,-0.07313181134681246,0.052890160970581905
0.8472004786926897,-0.09346593918206056,-0.07340126348581438,0.05777932344461069
0.8464664660578315,-0.09288814594761445,-0.07360646761801168,0.0626007720145491
0.8457304013816513,-0.09226213822746895,-0.07368353788384922,0.06736374052824977
0.8449935660028128,-0.09158850082218646,-0.07376051926982441,0.07200383450795432
0.8442559608101146,-0.09086846247710692,-0.07372232118200156,0.07660387953097231
0.8435187375982945,-0.0901024236817972,-0.07362996949302099,0.08109075970156888
0.8427824379033644,-0.08929151608478152,-0.07347872110489095,0.08551390017936877
0.8420476506923155,-0.08843637708298784,-0.07326681306570208,0.08988727651934482
0.8413149825616585,-0.08753750431779439,-0.07298901982769551,0.09422335681463681
0.8405850923633815,-0.08659527074964803,-0.07261456895473234,0.0984401656984886
0.8398589466738342,-0.08561086909266313,-0.07219895805599857,0.10253481785875383
0.8391369570932742,-0.08458552091407559,-0.071728622865277,0.10656437147513352
0.8384196708646214,-0.08351987719932426,-0.07119520719844133,0.11044746454057927
0.8377077187926371,-0.08241540255391847,-0.07060994423754446,0.11433122836452592
0.8370016193502616,-0.08127209027027321,-0.06997437471070522,0.11809708338643325
0.8363018756031546,-0.08009111943640888,-0.06928702147105634,0.12178902476111213
0.8356090053884441,-0.07887322918879776,-0.06854336952953292,0.12542817032630638
0.8349235716931488,-0.07761894748553469,-0.06772957247450612,0.1290907488013261
0.8342462759684037,-0.07632803999752143,-0.06690351990351863,0.13258327204187267
0.8335772407693686,-0.0750022072771027,-0.06600248383152856,0.13605066454962986
0.8329172159310533,-0.07364170063160641,-0.06505097266489947,0.13947025651253037
0.8322667062044042,-0.0722469980664811,-0.0640510717338544,0.14283536886601228
0.8316261954870657,-0.07081864437782098,-0.06299389492457427,0.1461517490112354
0.8309962565378199,-0.06935712688770863,-0.06188121667939998,0.14941325648286255
0.8303774443710259,-0.06786299432288001,-0.06071155237977406,0.15261680059959787
0.8297703288472281,-0.06633682631688403,-0.05948849507850992,0.155760245910299
0.829175443896443,-0.06477922385778104,-0.05820574043506554,0.15884095945962295
0.8285933864920924,-0.0631908142631848,-0.056958376967860325,0.1618525884776728
0.8280238027224137,-0.06157228837840808,-0.055499907871840344,0.16482743257882723
0.8274688036436953,-0.05992401405261981,-0.05413508336863135,0.16770546725720387
0.826927452810009,-0.05824695938004777,-0.05266670998867426,0.17053542041244316
0.8264007857101223,-0.05654160517592334,-0.05113483035074798,0.1733031066637609
0.8258894374066148,-0.05480857410928573,-0.04963127476307669,0.1760023739620562
0.8253931246589841,-0.05304855036966517,-0.047976755823288746,0.17867553573391323
0.8249133571007512,-0.05126179501232604,-0.04636398618009075,0.1812793343924122
0.8244497172389503,-0.049449001668401917,-0.04469155445290892,0.18384162775143262
0.8240028016944212,-0.04761058539088759,-0.04299750541608984,0.18635171890061983
0.8235728266402603,-0.04574706820188139,-0.04123996294326345,0.18881443907992726
0.8231604270108277,-0.04385892381108211,-0.03946616427351215,0.19119165477298264
0.8227657653680925,-0.041947007263352286,-0.03761915974556004,0.1934837262257325
0.8223895737706369,-0.04001217000109496,-0.03572992282901808,0.19565529241679258
0.8220322745423467,-0.038055617076927034,-0.033800074783455446,0.19769471663817353
0.8216942737945122,-0.0360786699105453,-0.03183317125539004,0.19959521052926812
0.8213759420819583,-0.03408271780525262,-0.02981283670966917,0.201372583553843
0.8210778137148617,-0.03206899196971419,-0.02775461969014924,0.20302575054110164
0.8208002675179602,-0.030038734464303173,-0.02567871219683475,0.20455480832139197
0.8205434803959919,-0.027993186381089254,-0.023589441426804518,0.20597021826760856
0.8203075859817238,-0.025933484198413168,-0.021488376589936055,0.207277380601383
0.8200927022158244,-0.023860710392399335,-0.01937099662344974,0.20848328877577715
0.81989899224959,-0.021775877504641564,-0.01723434671607518,0.20959038522662418
0.8197266487824292,-0.01967997365237532,-0.015072049364588114,0.210602019828462
0.8195759282887833,-0.0175739534540907,-0.012895949430324611,0.21151666541847372
0.8194469687944801,-0.015458786799905961,-0.010699647917816519,0.21230990146434608
0.819339972315302,-0.0133356877852625,-0.008476621461378533,0.21298928060595357
0.8192552061006881,-0.011205794979202963,-0.006258946325755067,0.2135060594897461
0.8191926166374306,-0.009070734384305503,-0.004052703952268541,0.21383811466159236
0.8191520895979079,-0.0069323532376895786,-0.0018329446802704164,0.21405357033850542
0.8191337601511052,-0.0047918175343045245,0.0003631284765381283,0.21409644934207767
0.8191373914358705,-0.0026508530408837477,0.0025259682001680757,0.2139933564697492
0.8191626511178722,-0.0005109194761862557,0.004721846206454779,0.21382252151991524
0.8192098695799368,0.0016273057390128968,0.006936669310012982,0.21354706462442735
0.8192792362730369,0.00376277638525717,0.009163117510365339,0.21313964259303933
0.8193708674481406,0.005894172811187563,0.011385674529700721,0.21227115454771361
0.8194847241934375,0.0080168843566647,0.013670495010044909,0.21108616359984209
0.819621429143538,0.01012774599266312,0.015925626808584677,0.2098785105938687
0.8197806854116239,0.012226531098601808,0.01813869932862417,0.20837907874172706
0.8199620724049101,0.014310321886019078,0.02014887772122697,0.2070731537683536
0.8201635611821224,0.016381053423702614,0.02203271562871354,0.20570781616528014
0.8203838883384096,0.018438131585355417,0.023718594541270344,0.20449449204098244
0.8206210742838222,0.02048307650576524,0.025509519555187737,0.20363494102601057
0.8208761694793741,0.02251942591602535,0.027649626595070746,0.2030565316831167
0.8211526657453249,0.024549991232856515,0.030202785652893173,0.20205957211716644
0.8214546936018537,0.02657058695402818,0.03278896404870421,0.20034149946543117
0.8217825832423408,0.028574001948682492,0.03508565727936949,0.19839030225636087
0.8221334398151344,0.0305579049712461,0.037076015800288735,0.19635515240052265
0.8225041999731373,0.03252145649525133,0.03879231436263841,0.19441500686268842
0.8228921231167636,0.03446560656387822,0.040416132750891676,0.19275305471063206
0.8232962844442725,0.03639313711098454,0.042309547441876864,0.1914892077863044
0.8237193799186913,0.038308029188847584,0.04470530590774591,0.18958338644816689
0.8241664329777687,0.04020386305332925,0.04708928567839755,0.1871408711119119
0.8246373258345526,0.04207527176444837,0.049242998020161716,0.184513279993584
0.8251297558147542,0.04392040456438421,0.05114372625316217,0.18179775711459384
0.8256411930772859,0.04573838213553015,0.05277836309421524,0.17908765600723822
0.8261689767082281,0.04752925869560253,0.05411651551361438,0.17680684750722822
0.8267101418633642,0.049297327170674816,0.05572146797927621,0.17493306778208345
0.827267356543157,0.05104665784849565,0.05780757741344293,0.17258437925684827
0.8278454323172914,0.05277250164106413,0.06000394948140131,0.16961304400586752
0.8284454718121054,0.054468632081122806,0.0621625907071678,0.16618510649480542
0.8290670977191771,0.05613048314607086,0.06408571531674245,0.16263002556645442
0.8297079548723445,0.0577567834017354,0.06574630336909011,0.15914928575418896
0.8303654179060354,0.05934827625927729,0.06722656241023046,0.15569525384511243
0.8310376835301376,0.06090522879772842,0.06838473972566349,0.15231050972914684
0.8317215309273943,0.06242833389501989,0.06928760116323925,0.149378818151171
0.8324144069390267,0.0639221220765316,0.07039603747006666,0.14695877310121286
0.8331183673137273,0.06539170980754373,0.07192088330274268,0.14426912544043863
0.8338375761467548,0.06683440106194811,0.07372405410660632,0.14083614272955758
0.8345748166878209,0.06824276248924369,0.07557667206208854,0.13686519749062592
0.8353305834084417,0.06961141446414995,0.07731239179173191,0.13247128612465506
0.836103707326359,0.0709361273253965,0.07881213055349669,0.12769452291985425
0.8368918286318939,0.07221307255459504,0.08016151571124543,0.12312068642240916
0.8376934437890063,0.07344427941881913,0.08130113929755471,0.1189214638899194
0.8385064551819819,0.07463349405771832,0.08237308398149333,0.11484153098069219
0.8393301860217968,0.07578190936752524,0.08336774176875517,0.11077934994940702
0.8401638634394843,0.07688970286701931,0.0843420148383611,0.10666008902607194
0.8410072835878679,0.07795630375728002,0.08529488626088129,0.10248212815360697
0.8418602324504767,0.07898112503881609,0.08622600831532809,0.09823128722318725
0.84272249253363,0.07996343791104796,0.08711597748428351,0.09385709278942866
0.8435936523084728,0.08090200883894225,0.08796799478833614,0.08945338751701035
0.8444733322563562,0.08179654271411235,0.08878200787527366,0.08492269112480096
0.845361152335109,0.08264576962536037,0.08954003561772521,0.0803292329787153
0.8462565526912863,0.08344906195514752,0.09023940676766902,0.07569158465387785
0.847158946758963,0.0842059778016863,0.09084369765108873,0.07110468517713783
0.8480673837354739,0.08491702465345768,0.09144518738031153,0.06637988455840708
0.848981835609277,0.08558082349904175,0.09191680089389713,0.06173292591334978
0.849901003618216,0.08619815275817524,0.09243747146471054,0.05691061192523883
0.8508253783328631,0.08676725887742763,0.09281075288910286,0.05215559992453353
0.8517534858617541,0.08728881487667296,0.09324241818932137,0.04724866590314711
0.8526859100436474,0.08776130153570444,0.09350794022364955,0.04241326136006402
0.8536209894458838,0.08818543414930508,0.0938607901154387,0.03740862526683715
0.8545595973470382,0.08855952040197344,0.09402155367851057,0.03249290393386861
0.8554998128838234,0.08888444944131213,0.09429837255438417,0.027395986657439177
0.8564427966093672,0.08915840930788652,0.09435770002019672,0.022404230357736858
0.8573863736095692,0.08938245161146388,0.09456125012893025,0.017238895463689605
0.8583319861108585,0.08955484056610077,0.09454384181077782,0.012142398413245015
0.8592774245289663,0.08967626455023323,0.094663221891874,0.006890171010248928
0.860224056747885,0.08974516626033571,0.09454042850762319,0.0017374727487769314
0.8611694610329613,0.08976254098782348,0.09460365294453997,-0.003578623927106
0.8621154975624067,0.08972675474855242,0.09442046362241262,-0.00882258289097694
0.8630597021986308,0.08963852891964265,0.09441385894161736,-0.01421885001336937
0.864003840788047,0.08949634041950895,0.09414991071833959,-0.019533655422195866
0.8649453398952305,0.08930100386528698,0.09387295572193151,-0.024746002818901235
0.8658840694524498,0.08905354383709797,0.0936959425410405,-0.030005759883820583
0.8668210288778602,0.08875348623825977,0.09352472029327082,-0.03540764029400207
0.8677562760807929,0.08839940983531974,0.09324411099661936,-0.04084497399989757
0.868688717190759,0.08799096009532077,0.09312694313064397,-0.046532546640521144
0.8696199866220654,0.08752563462891556,0.09266859616803132,-0.05210011657907224
0.8705466725837457,0.08700463346312484,0.09247578172229513,-0.05777340017718821
0.8714714304009686,0.08642689946135296,0.092042968253023,-0.06339112279671054
0.8723918600834989,0.08579298823338585,0.09161112817891774,-0.06887767214548346
0.873307971365288,0.08510421151193102,0.09134200743920215,-0.07445381219511768
0.87422139143968,0.08435967338997985,0.09106523514134308,-0.08019154931434287
0.8751320437910934,0.08355775789683642,0.09068308191472,-0.08594834493463015
0.8760388746102407,0.08269827444749012,0.09029382535303043,-0.09165727947772753
0.8769418128637709,0.08178170165271284,0.0900031364618896,-0.09741885879837513
0.8778418442283898,0.0808075130647291,0.08974505991454006,-0.10329483480870426
0.8787392948275352,0.07977456471664206,0.0894501256213634,-0.10922031593261142
0.8796337960837488,0.07868236155731595,0.08916521078009608,-0.11513995470509114
0.8805254481915498,0.07753096201026503,0.0889662573223522,-0.12110909869710837
0.8814151107647733,0.07631987102329395,0.08882716305496996,-0.12718541444949863
0.882303382395323,0.07504801687879896,0.08868592433350861,-0.13330451346003447
0.8831902416386581,0.07371497174419861,0.08859875864023,-0.13942678553547028
0.8840762292250605,0.0723207038888439,0.08864139498795859,-0.14564122771843602
0.88496264317494,0.07086429161165954,0.08873785733771711,-0.151947825670554
0.8858500217483172,0.069344813354954,0.08915576200223718,-0.15863332090473484
0.8867415793683395,0.06775848014590666,0.08927247926401727,-0.16517688227105462
0.8876343041609797,0.06610671132319611,0.0898473374207278,-0.17182184263429745
0.8885327775351869,0.06438849289685314,0.09031873968026008,-0.17849800723410844
0.8894359649319895,0.06260351282451206,0.09117035735191951,-0.185332612440313
0.8903476685055087,0.06075018670010893,0.09194447506429387,-0.1921462373294667
0.8912671132561517,0.05882872432681426,0.09290672349045015,-0.19884016962178153
0.8921961804910562,0.05684032263059645,0.09419717521797111,-0.20565368300599304
0.8931381522432359,0.05478378580053652,0.09569379920488037,-0.21264720065954495
0.8940950902352847,0.05265731379394107,0.09737873523504602,-0.2196710218563945
0.8950688775876351,0.05046060357537713,0.09936461155572615,-0.22673428931468576
0.8960625237031924,0.04819326068223027,0.10167644425231742,-0.23388207975854064
0.8970792881457156,0.04585443988464486,0.10432861629139568,-0.24112365101441574
0.8981225743086295,0.0434432033745007,0.10735518044976679,-0.248435740845654
0.8991961261131272,0.04095884596604416,0.1107855280297725,-0.25577694929349293
0.9003039813934249,0.03840107647310923,0.11469691652278205,-0.2631909985970758
0.9014509505586528,0.03576916648713847,0.11912005775645955,-0.27063113363073266
0.9026421511362174,0.03306285515083115,0.12411146765603562,-0.2781268505213069
0.9038832658127778,0.03028158664561808,0.13010286785251443,-0.28565935620222577
0.9051842944913029,0.02742499308359582,0.13656852257819171,-0.2934055389745341
0.9065499797170848,0.024490937693850478,0.14403121767706686,-0.3008179133905414
0.9079902918938555,0.021482758559945064,0.15214753827287947,-0.308347719971962
0.9095117672765843,0.018399281360225443,0.16105171352054762,-0.31553972327580476
0.9111222844117898,0.015243884127467395,0.17099386154658996,-0.322364484198256
0.9128322230272556,0.012020239285484836,0.1821329878999256,-0.32890909265864376
0.9146535529062549,0.008731148358898398,0.19450448358786723,-0.3350655345215756
0.9165985977421336,0.005380493013682642,0.20821110728630632,-0.3406680360609159
0.9186807088149966,0.001973812653073483,0.22336299015292144,-0.34552774187243424
0.9209143387165258,-0.0014814647656508596,0.24007788744593178,-0.3494614032729584
0.9233151175909852,-0.0049760787983804435,0.2584748871316712,-0.3522418619636467
0.9258998664623019,-0.00849849741801691,0.27861570271546715,-0.35359110162349194
0.9286860234894566,-0.012034408434251829,0.30054649399990413,-0.35314431001541846
0.9316914884294557,-0.015565851534406015,0.3243120360854857,-0.3505063215367578
0.9349346087903105,-0.019070914749773592,0.3498808219891567,-0.34520652795159457
0.9384334170102021,-0.022522980029289538,0.37714459918686,-0.33676517307916654
0.9422048630020707,-0.025890631760081204,0.4057485075000099,-0.3246394861520294
0.9462623480770709,-0.0291370266216015,0.43521071606036055,-0.3083105114789087
0.9506144552376745,-0.032220131736390586,0.4648555676279849,-0.28724755210931635
0.9552630109139544,-0.03509260725748375,0.49387035463829054,-0.26102831738709764
0.9602017144603373,-0.037702890431354726,0.5211597079203736,-0.22942745348461802
0.965413311539541,-0.039997164966200906,0.5454313401451488,-0.19230378198795708
0.9708676249409925,-0.041920202786080475,0.5656691954187072,-0.15010119589489476
0.9765243168951796,-0.04342121474502942,0.5813863827332137,-0.10417904490998303
0.9823381807225118,-0.04446300519412925,0.5909638870440905,-0.056359836828897954
0.9882478195929527,-0.04502660356241823,0.5935204844793875,-0.0077192284794784655
0.9941830244377466,-0.04510379584721301,0.5891013090767612,0.04038517184541238
1.0000740375285142,-0.044699944128758884,0.5783201549394731,0.08633610349024465
1.005857239077909,-0.043836583093856435,0.5621189082724566,0.12878239956696227
1.0114784281606335,-0.04254875909818681,0.5414905115061098,0.1667982298712452
1.0168933332756946,-0.04088077679947436,0.5174485945424772,0.19995293814780435
1.0220678192211194,-0.03888124741799632,0.4910298870985397,0.22823936093571567
1.026978118092105,-0.03659885380863916,0.463387163462313,0.25192417786583543
1.031611989726728,-0.03407961202998081,0.436459787922569,0.27087274164111463
1.0359765876059537,-0.03137088461356967,0.41012835969250244,0.2855885167216991
1.0400778712028786,-0.028514999446352676,0.38465095068818567,0.296652276591752
1.0439243807097605,-0.025548476680435157,0.3603138971272936,0.3045981965718455
1.0475275196810334,-0.0225024947147167,0.3373223827526445,0.3099040093858926
1.0509007435085598,-0.019403454620857775,0.3158090833114296,0.31302731878786044
1.0540588343416741,-0.01627318143297917,0.29581891411625366,0.314315862187808
1.0570170234828367,-0.01313002281110109,0.27733691417769263,0.3140793742822703
1.0597903926246135,-0.009989229068278389,0.26031174639021537,0.31257417950087113
1.0623935100885156,-0.006863487273269677,0.24466746227871336,0.31004139992301694
1.0648401847113027,-0.003763073274039508,0.23032460818307332,0.30665083627895584
1.0671434307931333,-0.0006965649112499498,0.2175176996722102,0.3026319955390202
1.0693186077898555,0.0023297550441402524,0.20567598550436084,0.2979414094028498
1.0713753676448992,0.005309169138168751,0.19480797737703415,0.2927307629966724
1.0733234474186695,0.008236476768135475,0.18486496096525906,0.2870725357740075
1.075172097028322,0.01110720212587555,0.17626032487267124,0.28107513189453476
1.0769347002770489,0.013917953444820897,0.1678990331042805,0.2746756596992471
1.0786136906080916,0.016664710041813368,0.15983615737460716,0.2679455753232882
1.0802120521818377,0.01934416579504625,0.15219374071016104,0.2612002595620412
1.0817339895889393,0.021956168390666664,0.14501405922482394,0.2544497727248772
1.0831841301811875,0.024500666117915435,0.138617788610319,0.24778881170390896
1.0845703080672908,0.026978554234954523,0.13286106839258716,0.24138803667094139
1.0858989187512167,0.029392434601663936,0.1280811283699817,0.2352284264520812
1.0871797300349164,0.03174471886618475,0.12405908602772542,0.22936482214765508
1.0884203208951937,0.034038367087661295,0.12045728219013069,0.2232281553751973
1.089624893717095,0.036270648641413265,0.11723499986598096,0.2173610846751719
1.0907972437157547,0.03844425948816498,0.11441688954785556,0.2114617453967016
1.0919414126112332,0.040558876942132,0.11189121665333451,0.20571571808327738
1.0930603247777666,0.042616034122964774,0.1096834803535691,0.20010324693207346
1.0941571595813022,0.04461706659228551,0.10783821611344858,0.19427160835272
1.0952355417424366,0.04655978267581271,0.1060850956972989,0.18828097225507678
1.0962963926994096,0.04844259239836348,0.10408383053125772,0.18236289510998954
1.0973372310047222,0.050266221349463375,0.10245582928494644,0.17659229783368008
1.0983617892975717,0.05203214432780018,0.10103826657636729,0.17118410605910886
1.0993721719633354,0.053743985388391265,0.09986484626381015,0.165818513746559
1.1003708204259735,0.05540217052585685,0.0990073589855578,0.16035747623782992
1.101360894015829,0.057005745288235155,0.0980924452985194,0.1548519143059049
1.1023418184688143,0.0585542644312942,0.09701227959101152,0.14945331848724092
1.1033119412647243,0.06004879761616661,0.09628934934011985,0.14437173906040687
1.1042748347581255,0.06149251500677068,0.09571025179814625,0.1394397717394708
1.105231937276107,0.06288691272416538,0.09536706958503308,0.13451117181546365
1.1061856079719574,0.06423202444232003,0.09500065154117511,0.12948451988933057
1.1071356144873692,0.06552686964121333,0.09460566921473888,0.12444003946774614
1.1080816711795165,0.0667712700358908,0.09444473836789058,0.11942906373278395
1.1090261185631953,0.06796556067321864,0.09415862071481398,0.1143009761248832
1.1099677047703436,0.06910857043446747,0.0939543456692439,0.10923745916975779
1.110907248227036,0.07020094502616504,0.09393974839284125,0.10426053419972851
1.1118466457109644,0.07124355036816232,0.09373132914497083,0.099101043226262
1.112783959002414,0.07223456080042494,0.09367572993962431,0.0941305336755316
1.1137207163018104,0.07317586613718026,0.0934436660106873,0.0891536632218299
1.1146551529619173,0.07406740276939856,0.09350359530508418,0.08448654047227186
1.1155901889149682,0.07491226817412128,0.09354014939753663,0.07974648968767101
1.1165255904089435,0.07570973307099799,0.09340421401980545,0.07499373782721888
1.1174596325491415,0.07645967044927017,0.09335164171856905,0.0705068428186075
1.1183931489663272,0.07716473887745624,0.09370093477377231,0.06625958527548027
1.119330158314065,0.07782733473021104,0.09385810777523713,0.06160398711851484
1.1202687393918174,0.07844337460139619,0.09397675735884901,0.05689515824870042
1.1212085069654059,0.0790123261838832,0.09405991947310041,0.05217106920672852
1.122149106160137,0.07953403687595048,0.09415626802712974,0.047561092594802186
1.1230906688404083,0.08000964780189851,0.09419874036506555,0.04288682243639506
1.124032656244059,0.08043851602626247,0.09416396172155261,0.03828594203609527
1.1249742958612745,0.08082137544662342,0.09424182230866851,0.033916706183000495
1.1259167140843611,0.08116054250845342,0.09432179435532456,0.029565045298790255
1.1268599320279145,0.08145619296144133,0.09439254563020806,0.02520997667461642
1.1278038574842166,0.08170829272818748,0.0945175468565188,0.020912724896548766
1.1287490329527818,0.08191741997715297,0.0945783023673696,0.016458324182401802
1.1296948159764555,0.08208200321897699,0.09458318292215642,0.01197022436626953
1.130640647805677,0.08220170546263969,0.0946244304857662,0.0075366354538392724
1.1315868921105345,0.08227707181717808,0.0947271634560005,0.003111003836128047
1.1325341637450945,0.08230818185553937,0.09483360667150427,-0.0013545648581160226
1.1334824998118096,0.0822946362069582,0.09504362551174347,-0.005904054972846069
1.134432936066927,0.08223559565722974,0.09518842059367191,-0.01081055671846844
1.1353848202728636,0.08212749009004505,0.09511770271481267,-0.015645533843154976
1.1363359973000118,0.0819710347516135,0.09474779135957388,-0.020123510742398328
1.1372834752136076,0.08176979964418953,0.09446096994858091,-0.02434325009813608
1.1382280849130935,0.08152636714320817,0.09398404721492694,-0.02816679203039469
1.1391679253852427,0.08124469922290423,0.09380396659874507,-0.03193647941325208
1.1401059650512302,0.0809253344287717,0.093295388781485,-0.03552513294110301
1.141038918939045,0.08057008309936067,0.09295063407534268,-0.03893981768964681
1.1419684252797986,0.0801806849224642,0.09256637111547612,-0.04238350632841547
1.1428940889909533,0.07975684985918005,0.0921032543362052,-0.04577056418878301
1.1438151215343153,0.07929914421729223,0.09162248755283366,-0.04907944461482072
1.1447313464098436,0.07880834977114402,0.09114131743870527,-0.05235631141827164
1.1456427595842307,0.07828478665696131,0.0906241212169727,-0.0556112955471101
1.1465490007964003,0.07772867370149021,0.09006319280273112,-0.05881437747575748
1.1474496327244277,0.07714052992673263,0.08947862401745287,-0.061964812266238234
1.1483444189646022,0.07652088180407025,0.08876882008943009,-0.06497332470509176
1.1492321071654965,0.07587114855701933,0.08821540575586354,-0.06799096469158604
1.150114261223055,0.07519123891010347,0.08750047716500972,-0.07099060882218869
1.1509892659947052,0.07448133282188159,0.08694201480668702,-0.07417419430888436
1.151858686142772,0.07373959087879274,0.08618049837596842,-0.0773887401492337
1.1527204911265316,0.0729657034773004,0.08531403413297206,-0.08040429947836691
1.1535736314678613,0.07216166048251674,0.08429329411430428,-0.08299780368556697
1.1544165644090043,0.07133168244566107,0.08357653992212513,-0.08554646928634542
1.1552523298082256,0.07047621775279762,0.08276352638987944,-0.0882204100907006
1.1560799650721243,0.06959401365189062,0.08211319147448198,-0.09125356041140224
1.1569010969868692,0.06868147804777659,0.08101485357392477,-0.09410831883390464
1.1577112455226084,0.06774039485943754,0.0798459797201413,-0.0965320161465217
1.15850970531981,0.06677507469797232,0.07919509111067356,-0.0993375407732967
1.1593016562309166,0.06578169929023936,0.07812521190974298,-0.10215154613364368
1.1600829083500142,0.06476018382890292,0.07696653080146243,-0.10475901254433867
1.1608525736580289,0.06371259370345952,0.07561862314545764,-0.10687708829559195
1.1616087598894835,0.06264382282050361,0.07483576369411957,-0.10925237300291936
1.1623571175264247,0.061551299090474416,0.07344505078289447,-0.11126385003996772
1.1630915680342537,0.06043866059007474,0.07237417240793463,-0.11342088842585321
1.163815309758333,0.059304451705816205,0.07149058560939042,-0.11598256719850318
1.1645302156144268,0.05814462603383117,0.07023613196549389,-0.11839947751058298
1.1652325769340817,0.056960631258725344,0.06910041567127022,-0.12096682985829477
1.1659235810907944,0.0557509629601424,0.06758945519055573,-0.1232783116112607
1.1665994756427,0.05451817984402979,0.06618581783316103,-0.1252819177781469
1.1672613338210316,0.05326536066624832,0.06467118418054876,-0.12675294121287065
1.167908045662837,0.05199783125411961,0.0635346513060574,-0.128837529784888
1.1685433921758976,0.05070945595627073,0.06216817896680871,-0.13069090727181093
1.1691650739655657,0.04940254688355262,0.06069281154458335,-0.13249092871404924
1.1697720020810116,0.04807763759641213,0.05923367117510868,-0.13442203958795076
1.1703643387927627,0.04673341720053262,0.057665602491331375,-0.1361982265964181
1.170940994817676,0.04537143493456844,0.05620367193352956,-0.13810586543582937
1.1715030315370114,0.043990376280210144,0.05483359976090288,-0.13993331768500064
1.1720513675346205,0.042591043103360135,0.053216495955891195,-0.14146368034833412
1.1725835324941793,0.041176406299876796,0.051361801683359465,-0.142780191375777
1.173097150511013,0.039748604386119026,0.049778664761620225,-0.14452278523702608
1.1735949371586292,0.03830337653374877,0.04805887524756448,-0.1459757002818466
1.1740755259111049,0.0368436195309303,0.046247423790081836,-0.14715055873665103
1.1745380001490058,0.03537211394356379,0.044681405230203614,-0.14825999597884829
1.1749848142013077,0.03388951398377531,0.04303698685306201,-0.14912236188062655
1.1754151840698384,0.032398290364969044,0.0415208404588196,-0.14967729743136013
1.1758303924744264,0.030901517390655442,0.040133327181372754,-0.1503678243289421
1.1762317257462402,0.02939783914736602,0.03875900705476136,-0.15110732834193522
1.176619315816788,0.02788676586394667,0.03725031400779097,-0.15219241357698557
1.1769918189568658,0.026364841728176814,0.035691688797996474,-0.1532052291286357
1.1773487358448458,0.024832789436890455,0.03397393248757455,-0.1543321624688568
1.1776884751697216,0.023289467812201887,0.03232989175388376,-0.15528070210340716
1.1780117740872604,0.021736660791167817,0.030555824075551446,-0.1563076341040916
1.178317332328016,0.020173584450126902,0.028838169383502147,-0.15718384555457612
1.178605714021851,0.018601745994581143,0.027108793409771147,-0.15801074587995922
1.1788768019559488,0.01702163853578155,0.025376229730430487,-0.15877546199804765
1.179130564253253,0.015433883915801073,0.02357547256321984,-0.15958785726019747
1.1793663189788852,0.013838005343199098,0.02178630166076404,-0.16024316426264348
1.1795841819954929,0.012235573700572664,0.02001930219680857,-0.16101334968941775
1.179784375017461,0.010625440203678487,0.018159864748150015,-0.16159294983358954
1.1799659736649426,0.009009510705342592,0.016355377199598745,-0.16200785174984364
1.1801295274369386,0.007389432187844155,0.014614017145042657,-0.16254351876128
1.180275667608389,0.005763997000231355,0.012759734147604755,-0.16295513015763852
1.180403264949865,0.004134445698654969,0.010972772866946595,-0.1632912588266459
1.1805129926785345,0.00250153311038851,0.009166611477758777,-0.1635701822046081
1.1806046587933121,0.0008658312883424292,0.007359694024755264,-0.16375737271239485
1.1806782557335596,-0.0007717424387815193,0.005599534940923488,-0.16397353941728982
1.1807342510829688,-0.0024114778329544177,0.003818444121692397,-0.16412543896884926
1.1807724355241858,-0.00405273222264291,0.001993310531937126,-0.16423118489888489
1.1807923686295052,-0.005695044071631759,0.00023944566699716976,-0.164294130457343
1.1807947630861753,-0.007337985376205189,-0.001556183906283088,-0.16431789767342356
1.1807792012471123,-0.008981164352939424,-0.0033772126323141412,-0.16422835101000705
1.1807454291207893,-0.010623447863039495,-0.005126326884137857,-0.16412078443236625
1.1806941658519479,-0.012264655707363157,-0.0069252656716357955,-0.16399395653429966
1.1806249131952316,-0.013904595272706153,-0.008732205723121248,-0.16369371669143584
1.1805375911380003,-0.015541532439620512,-0.01047086034490659,-0.16339470285911062
1.1804328825345511,-0.01717547946821162,-0.012237322388690285,-0.1630292299312127
1.1803105093106643,-0.018805771767523745,-0.014017906537194159,-0.1625280084504341
1.1801703302452924,-0.020431051852028086,-0.015706261091237995,-0.16198233337318804
1.18001326763438,-0.022050875185759967,-0.01752587256905947,-0.16097085421341265
1.1798380089086893,-0.023660583727894095,-0.01896528828901798,-0.1604127412324433
1.179648356025799,-0.025264711140218526,-0.020607255957659387,-0.15986725882383182
1.1794422834662226,-0.026863383728456845,-0.022215822102385305,-0.15941579599295047
1.1792201252451988,-0.02845754168838635,-0.024173926321283463,-0.15829704139236192
1.178978385981986,-0.03004051210230997,-0.025659221199453214,-0.15738868726380723
1.1787217937699914,-0.03161439897494804,-0.027291886998927595,-0.1561807419152151
1.1784488749000022,-0.03317620639410019,-0.028714265505748307,-0.15529266750298296
1.1781617322449447,-0.034729133069130017,-0.030106009709459137,-0.15466280158592213
1.1778606721478502,-0.03627576108498924,-0.03186810694504908,-0.1536885328567005
1.1775419910783997,-0.03781264641355625,-0.03358964987246376,-0.15231559919372087
1.1772060945796752,-0.03933580240549346,-0.034944190588000884,-0.15123446185095593
1.1768566526737951,-0.04084814702400302,-0.036441943330955795,-0.15002608507849843
1.1764922332404857,-0.04234840787478801,-0.03799074345911366,-0.14844011863479675
1.1761123258058945,-0.04383280906113598,-0.03934378734027828,-0.1469031156807861
1.1757188879324918,-0.04530184021794384,-0.040624220071367796,-0.14556823864909843
1.1753126457317782,-0.046757522604434824,-0.04186553270905756,-0.144442448976046
1.1748939904046876,-0.048201947094195285,-0.04323234228310124,-0.14332848434006543
1.1744616669818566,-0.04963523193759594,-0.04470362001550796,-0.1421270568999595
1.1740146307817014,-0.05105650250659553,-0.04644247420606923,-0.14048007723361536
1.1735502060396408,-0.052461303278931684,-0.04797407418243591,-0.13822312310934995
1.1730704652978163,-0.05384353451002518,-0.04894440927789605,-0.13580545753590417
1.1725810212050374,-0.05520158908538422,-0.04970606719389152,-0.13433501134498252
1.1720839605330984,-0.05654493919883405,-0.05060143841768927,-0.1330689492176577
1.1715779461489215,-0.05787562869101063,-0.05176434736628665,-0.13176108104015793
1.1710603026752586,-0.059193239501412205,-0.053190143086508816,-0.13010832949727988
1.1705284012443935,-0.060494322796385,-0.05458061781707991,-0.1282630347498998
1.1699825950662226,-0.061776953143884,-0.05588461031546745,-0.12576227388144576
1.1694237489630679,-0.06303457588269845,-0.05676427095181153,-0.12334553815796882
1.1688561062535499,-0.06426803126427814,-0.057480536813355694,-0.12135054948811112
1.1682813008854163,-0.06548153675915926,-0.058278700125332865,-0.11951851554896917
1.167698513884163,-0.06667672191464895,-0.05907425636762737,-0.11791113998599177
1.1671077713204867,-0.06785583331450887,-0.06012421373145979,-0.11599515256438662
1.1665065291831722,-0.06901578484015274,-0.06117903339222607,-0.11380684569355912
1.16589473884925,-0.07015385329708833,-0.062113650400720984,-0.11132857993757866
1.1652736023452428,-0.07126713909646412,-0.06286962623492792,-0.10889123470241227
1.1646449060828936,-0.07235605144348825,-0.06352024733280753,-0.10664738188149281
1.1640097036095656,-0.07342252526230318,-0.064159209415177,-0.10449592599225718
1.1633681115154137,-0.07446748452222575,-0.06483749217852376,-0.10233329952563816
1.1627197365936286,-0.07549081751748213,-0.06554052205684888,-0.10004613804671289
1.16206433137306,-0.07649127889794925,-0.06624059248832626,-0.0977519394576859
1.1614019254481769,-0.0774687982925261,-0.06692418316832535,-0.09517896438918758
1.1607326836164937,-0.07842058793641798,-0.06748154141152506,-0.09245388080957784
1.1600578682023786,-0.07934512674451376,-0.06789054976810982,-0.0897272918719143
1.1593789627046975,-0.0802423996632329,-0.0682276102742154,-0.08732938167657499
1.1586966866019555,-0.08111569347999865,-0.06857832491045925,-0.08496714438764125
1.158010903352851,-0.08196536492387507,-0.06894805084086425,-0.08258960427464261
1.1573214228444424,-0.0827912609666215,-0.06933219056107547,-0.08008135741632877
1.1566281009388317,-0.08359207454078478,-0.06976322915792532,-0.0776182013704245
1.1559304686472525,-0.08436825655448903,-0.07014605212639048,-0.07482338228028836
1.1552290081259886,-0.08511649037729191,-0.07038030690623598,-0.07182440034519197
1.1545252050569264,-0.08583473438074384,-0.07051692629039442,-0.06892013653182368
1.1538200357940225,-0.08652393574606207,-0.07057051375277008,-0.06609824200641677
1.1531143306564948,-0.08718491816612624,-0.0706095542518972,-0.06348736718671162
1.152408235113976,-0.08781979183799335,-0.07068550148051962,-0.06095338920174123
1.1517013800991707,-0.08842932573001076,-0.07073346537300104,-0.05832980697469679
1.1509940454454406,-0.08901262379975773,-0.07082765821562685,-0.05565970038536909
1.1502857688632844,-0.08956922080361142,-0.07095150935371507,-0.052802609348166066
1.1495762537697471,-0.09009724689709307,-0.07097251732270794,-0.04966120875798365
1.14886652859652,-0.09059385898467291,-0.07095341338921526,-0.04634684677985122
1.148156994462628,-0.09105732745247143,-0.07077270621835054,-0.04287995172700187
1.1474492674004444,-0.09148612696974144,-0.07033537066589365,-0.03953233863362962
1.1467459136937854,-0.09188145035607774,-0.06988129260019517,-0.03656424598278433
1.1460471007677835,-0.09224709281590558,-0.06945070852776405,-0.0338869663931579
1.1453525936825057,-0.09258596247983716,-0.0690341059329019,-0.03140052262071125
1.1446622526231767,-0.09289996770604428,-0.0686227654058506,-0.02902044499319509
1.1439760249691182,-0.09319017215597623,-0.06822801253699749,-0.026697198191800456
1.1432937448437481,-0.09345714413789424,-0.06788267131275762,-0.024369596343766387
1.1426149181306207,-0.09370084010133191,-0.06746057677940943,-0.021986822320678962
1.1419403123628267,-0.0939207083245387,-0.0670715828874779,-0.019555236358793696
1.1412695965339519,-0.09411626068812663,-0.06660963197249634,-0.017054492535268893
1.140603500214227,-0.09428680561347932,-0.06614469348973238,-0.014493756438514622
1.1399420532793296,-0.09443174317786447,-0.06572797275038983,-0.0117508104697203
1.1392847735518257,-0.09454925128256167,-0.06530988611122321,-0.008950827070758186
1.1386316746907135,-0.09463875955326925,-0.06498827580236845,-0.006011085284115189
1.1379817919326898,-0.0946988704061104,-0.06472634683564847,-0.0028199984997386357
1.1373345284643332,-0.09472707039110778,-0.06451835736165976,0.0011035636350520753
1.1366893448907167,-0.09471603475475726,-0.06374611247314416,0.0057248081631844465
1.1360518837659852,-0.09465878667312541,-0.06274717411093234,0.010365061563952938
1.135424412024876,-0.09455513605748588,-0.06168825050342909,0.01488608176634221
1.1348075295198417,-0.09440627523982245,-0.06062429645051576,0.019281475318226583
1.1342012865553366,-0.09421346048664019,-0.05934775729303465,0.02337218029688402
1.1336078089824062,-0.09397973868367135,-0.05823736908574739,0.02713349722581261
1.1330254352915488,-0.09370840371141323,-0.057203760328574334,0.030806848357522468
1.132453397688263,-0.093400335227838,-0.05614837232569475,0.034578787974937616
1.1318919139650059,-0.09305454734808863,-0.054967048649327055,0.038135060576615684
1.1313422434785125,-0.09267319674232247,-0.05370786179780595,0.04144429200372859
1.1308051648605344,-0.09225875382228518,-0.05270991787297335,0.04460056502454569
1.1302780656818046,-0.09181274817203973,-0.05157774212131066,0.0477835672398756
1.1297622882605916,-0.09133491249964097,-0.0505953931780816,0.05118228536879067
1.1292563343288107,-0.09082308964595306,-0.04945405462761578,0.05454144715780971
1.1287617937825345,-0.09027767517437496,-0.04823901173543381,0.05781380350233311
1.1282794036651802,-0.08969953713935162,-0.04708981215367819,0.0610625918837533
1.1278085055436433,-0.08908891122051409,-0.04593605434651693,0.06439538998409433
1.1273491450001782,-0.08844495732067315,-0.044733522838838975,0.06777904594081842
1.1269018097717898,-0.08776716686126496,-0.04347607465023523,0.07127024761325428
1.1264670490252875,-0.08705446438513241,-0.0421816190055319,0.0744297545482905
1.1260452328352322,-0.08631016683964951,-0.04081992954216923,0.07742843169739645
1.1256370335398105,-0.08553588252267555,-0.03964786265126119,0.08032471144606076
1.1252405549132978,-0.08473263540821493,-0.0385878063459583,0.08332861086260682
1.1248546768498382,-0.08389934929958887,-0.03741700497911483,0.08656729086687301
1.124480506800047,-0.08303367639092013,-0.03614905641922126,0.08992919305659636
1.1241190162358548,-0.08213438446035416,-0.03476359453661673,0.09296646982073355
1.1237713802904885,-0.08120471976214683,-0.03361667610983337,0.09611965076559333
1.1234352135293901,-0.0802435232544909,-0.03237041405324426,0.09913542216329657
1.1231115093888577,-0.07925216903285794,-0.03108794538795942,0.10208480232147071
1.1228006299349782,-0.07823132100964322,-0.02980738630175228,0.10494727263825533
1.1225025560719606,-0.07718184828326068,-0.02876422300904316,0.10785112701109138
1.1222149138418702,-0.07610333701314977,-0.02759198793252016,0.11095650777956269
1.121938993962545,-0.07499377193535414,-0.026344979506846045,0.11411585633482034
1.1216755441674766,-0.07385261337200594,-0.02509057166594075,0.11700438595779503
1.1214246384508173,-0.07268256951242799,-0.023975514752211626,0.11993665761974247
1.1211848833032951,-0.07148320293623056,-0.02279066031617823,0.12292526616815411
1.1209569767001333,-0.07025395027454902,-0.02165749866820486,0.1257636107642507
1.1207404017134512,-0.0689963141669065,-0.020530122773348074,0.12855299165135337
1.1205351004857178,-0.06771078425039297,-0.019442161604152304,0.13137975510168248
1.1203406788696764,-0.06639698669937615,-0.01836163693249263,0.13417471436584463
1.1201570625003514,-0.0650552395557177,-0.017312248180536727,0.13692077115616377
1.119983940018546,-0.06368603184415605,-0.016279862360573383,0.139606696330416
1.1198211413949404,-0.062289964880851895,-0.015309107841260555,0.14226829401879607
1.1196680503165277,-0.06086728194066393,-0.01430671112094626,0.14494618235427859
1.1195249832053182,-0.05941782011712114,-0.013234141523849458,0.14756702394904087
1.1193926417900797,-0.05794214987763073,-0.012548685840285952,0.1500903839468807
1.1192671549316768,-0.056441246038161925,-0.011609481795770324,0.1526427791854231
