x,y,u,v
0.870169464,-0.05971494,3.9446537,4.0
0.870115740547615,-0.0605835386690988,3.9942513,3.983992
0.8700602366397933,-0.0614427223974548,3.9995058,-3.9981058
0.8699907732291827,-0.0624628056046491,3.999029,-3.996826
0.8699299369516286,-0.0633035927509153,3.999289,-3.9944992
0.8698532025794772,-0.0643009616295425,3.9980724,-3.8771596
0.8697859738424042,-0.0651224297723985,3.9719965,3.9999928
0.8697011595629501,-0.0660960460774317,3.9665375,3.9999955
0.8696269100140158,-0.0668971372068158,-4.0,-3.9995897
0.8695332067631791,-0.0678461693820801,3.966916,3.999999
0.8694516560288158,-0.0686262980301615,-3.9999998,-3.999997
0.8693493558155718,-0.0695498637209366,-4.0,-4.0
0.8692603165404699,-0.070309000127351,-4.0,-3.9999866
0.86914865775574,-0.0712072152526862,-3.9999979,-3.999764
0.8690516030806216,-0.0719448278781956,-3.9812436,-3.9998229
0.8689303875866714,-0.0728167629270489,-3.9982371,-3.99954
0.8688253902278769,-0.0735325414195405,-0.060413536,-0.88298726
0.8686946032164929,-0.0743783443450961,-0.37398934,-1.3889714
0.868581497117587,-0.0750722927780945,3.9163306,3.9999971
0.8684647689555972,-0.0757559193334685,3.9752185,3.9999962
0.8683200937034795,-0.07656271330565,-4.0,-4.0
0.868195373508205,-0.0772241267175082,-4.0,-3.9999075
0.8680403854691205,-0.0780044252701236,-3.9999886,3.9998229
0.8679069294257851,-0.0786427228612123,-3.9678788,-3.9944365
0.8677425398784967,-0.0793949786854162,-4.0,-3.9939206
0.8676012970442754,-0.0800105925147836,-3.854692,-3.99755
0.8674270847026945,-0.0807355829112313,-3.9997282,3.8843563
0.8672777487532843,-0.0813281244129207,3.6759374,3.9999988
0.867093766670289,-0.0820247740162942,2.6565797,3.999998
0.866936446160628,-0.0825933768406327,-4.0,3.9765084
0.866742745032028,-0.0832613277491129,3.651172,3.9856184
0.8665773487173601,-0.0838061679995448,-4.0,3.9999988
0.8663738508984495,-0.0844453330499201,3.9139879,3.8295922
0.8662003926995063,-0.0849658363568582,3.9968994,-3.9999154
0.8659874871482823,-0.085576366726242,3.979471,-3.999741
0.865806035208568,-0.0860734550333233,3.9933352,-3.9986484
0.8655837255328588,-0.0866558260260374,2.7213626,-4.0
0.8653946230763463,-0.0871297117084535,3.9690514,-3.9999993
0.865201873561479,-0.0875929529603188,3.969437,-3.9999943
0.8649660856049401,-0.0881349764164107,3.9083884,-3.9965887
0.8647656843634896,-0.0885748600056648,2.7729976,-3.9632251
0.864520521709739,-0.0890889077703542,-0.9181673,-2.6512384
0.864312330482042,-0.0895057766618619,1.5624126,-2.103349
0.8640580021377633,-0.0899923048038973,3.9999373,-4.0
0.8638419260423247,-0.0903858330536326,3.9999862,-4.0
0.8635777920545282,-0.0908437353759402,3.9999876,-4.0
0.8633543152563008,-0.0912137760095571,3.998874,-4.0
0.863082095618715,-0.0916442895411995,3.981364,-3.9764802
0.8628517599266177,-0.0919916211356567,-3.9896479,-2.9242148
0.8625708965655612,-0.092394683889232,3.7648377,-2.9317508
0.8623334325265878,-0.0927189240243787,3.7058587,-3.002879
0.8620445427903939,-0.0930941468497361,3.7928674,-4.0
0.8618004302389753,-0.0933950693593967,3.4817226,-3.9999702
0.8615035541745065,-0.0937425687505636,2.5397074,-2.7884724
0.8612528267156896,-0.0940205314221335,3.037809,-2.9972448
0.8609479401074858,-0.09434000370453,-0.70804,-1.694386
0.8606906425121609,-0.0945946492067899,0.9477946,-1.3349124
0.8604303926405392,-0.0948386900840485,1.5908245,-3.751273
0.8601143397849677,-0.0951179724890774,-1.2153013,-0.5879811
0.8598477687124777,-0.0953392525960356,-1.1833265,0.77106667
0.8595240760284113,-0.0955907297965976,0.36684707,-3.2018492
0.8592513057100389,-0.0957886770130082,-1.1032858,-0.27981755
0.8589201828153493,-0.096012461724295,0.10452084,-3.9999986
0.8586413424538447,-0.096187359518313,3.6815434,-4.0
0.8583031952483001,-0.0963834001723839,3.662073,-4.0
0.8580185417054,-0.0965355769378103,-0.07710551,3.9999993
0.8576736235154618,-0.0967044943212462,-0.97665566,-1.9136105
0.8573834758379512,-0.0968338251149582,-3.4118254,-4.0
0.8570321151213404,-0.0969757120796408,-3.930206,4.0
0.8567367509052062,-0.0970825440816829,-3.058942,-3.9995825
0.8563793072766398,-0.0971972134794402,3.996852,-3.9999995
0.856079052892343,-0.0972816097889573,3.999939,-3.9989529
0.8557158550234014,-0.0973691132548789,-1.0384823,-3.3718128
0.8554110366073867,-0.0974306781623673,3.9935348,-3.9999695
0.8550429626048208,-0.0974911222869866,-3.1467345,-3.9988072
0.8547342530307228,-0.0975301919757032,2.9083629,-3.996033
0.8544240574534505,-0.0975592905990058,3.9994798,-3.8545506
0.854050000883179,-0.097580899714495,3.999746,-3.9995744
0.8537370350054564,-0.0975878970396437,3.9995522,-3.999995
0.8533600096325156,-0.0975832039161222,3.9931288,-3.999997
0.8530446195982179,-0.0975684014051,1.4162159,-3.963047
0.8526647206233046,-0.0975375895078254,3.9915965,-4.0
0.8523470776703931,-0.0975010599218315,3.7015097,-4.0
0.8519641784000579,-0.0974442252944987,-3.8704486,-3.9999669
0.8516432025573081,-0.0973860435542677,-1.2847953,-3.999356
0.8512558799733223,-0.0973031338408103,-0.991865,-2.740477
0.8509313688809126,-0.0972226847583021,-2.4761693,-3.9984863
0.8505400436704958,-0.0971123087896008,2.261595,-3.7303703
0.8502124502468427,-0.0970088593407301,3.7131052,3.2124267
0.8498177282034914,-0.09687087298806,3.9999876,-3.5855021
0.8494874765267714,-0.0967444443879963,-1.923414,-1.3994408
0.8490896605037234,-0.096578945543712,-3.5125456,2.7634165
0.8487569954624653,-0.0964296233994088,4.0,-4.0
0.8483565712867361,-0.0962368684073317,3.9999964,-4.0
0.8480218636779117,-0.09606488164987,3.9702313,-3.999314
0.8476862337602356,-0.0958827373295899,4.0,-4.0
0.8472822591788376,-0.0956506300842773,-3.4116642,0.22404847
0.846944666574476,-0.0954459557565492,3.9999855,-4.0
0.846538696451466,-0.0951871458594818,-3.999926,1.0099524
0.8461994141128757,-0.0949604706623532,-3.9532971,-4.0
0.8457908738400941,-0.0946755456462717,-3.4725628,3.480181
0.84544960675794,-0.0944267742686746,3.6335642,2.9488297
0.8450396637690918,-0.0941147280774524,-3.5535903,-3.998296
0.844697172057645,-0.0938438137854745,-2.7194793,3.0113552
0.8442854957280358,-0.0935055104010344,-0.66942155,-4.0
0.8439419237122838,-0.0932128191698597,-3.2824721,1.6968081
0.8435288569148798,-0.0928486020682379,2.7291174,-4.0
0.8431843686849368,-0.0925341709013854,-3.555016,-2.3457775
0.842770567871507,-0.0921437778459225,-3.9743805,-4.0
0.8424254584828069,-0.0918076425791925,3.9861805,-3.9999955
0.8420112909124929,-0.0913911628891213,-2.368607,0.73792666
0.841666077664036,-0.0910332803764142,-0.921773,1.1402782
0.841252000944179,-0.0905906767874079,-2.5136054,-3.9983082
0.8409071643789886,-0.0902109378825038,-3.4627438,-1.131465
0.8405625211905199,-0.0898213378930416,-3.3313894,-4.0
0.8401493670618673,-0.0893408195664641,0.4290218,1.1412524
0.839805534820756,-0.0889295248336755,-3.805515,-3.9985929
0.8393935103652826,-0.0884231635660667,-3.984824,-4.0
0.8390507890852134,-0.0879904320605671,-3.9604921,2.6039562
0.8386404126763053,-0.0874580701867099,3.9973943,-2.2578285
0.8382992142046226,-0.0870038342756502,-1.4404806,1.5489787
0.8378907008724108,-0.0864460917393008,-3.043761,2.4226303
0.8375513272613606,-0.0859704890251037,2.7442076,-3.9532921
0.8371453504511419,-0.0853871420855033,-3.8481104,-4.0
0.8368079938911396,-0.0848907298253707,3.9857142,-3.0913317
0.8364045068923263,-0.0842827170972483,3.9940388,-1.5030863
0.83606938748467,-0.0837658349290846,3.154116,1.5939504
0.8356687706419395,-0.0831332857912114,-3.8835022,-3.7916884
0.8353363088832914,-0.0825958567278482,-2.465811,-3.9885137
0.8349390772017983,-0.0819388574834046,-2.1677527,0.5775304
0.834609530071621,-0.0813812259614937,3.367678,-2.435803
0.8342160438444023,-0.0807000834728635,3.9998555,-2.841569
0.8338898500572949,-0.08012243369712,-3.8926005,3.5008347
0.833565096473724,-0.0795358338989318,-3.9995716,-3.9999998
0.8331774622711426,-0.0788203215032535,3.9999912,2.853889
0.8328563406809915,-0.0782141624300286,-3.9933803,-4.0
0.8324734869557961,-0.0774749884634228,-3.9999363,-4.0
0.8321565322671743,-0.0768494370728703,-3.999763,-3.3080878
0.8317782274699644,-0.0760875072435103,3.8704174,-3.330143
0.8314651631865054,-0.0754430367971184,3.5145032,-3.5081303
0.8310920039422546,-0.07465851686432,3.999541,2.3268523
0.8307837281644423,-0.073994962784667,2.8094442,-2.4059706
0.8304163196085985,-0.0731880224998448,3.99896,3.876307
0.830112477038478,-0.0725062863742316,3.995502,3.9058335
0.8297506715739028,-0.071677307472206,-4.0,-3.9997203
0.8294510103871376,-0.0709772905688234,3.9991481,3.354633
0.8290944935032541,-0.0701261556836813,-3.9999998,-4.0
0.828799774631647,-0.0694078012328348,-3.9999921,-4.0
0.8284490858472576,-0.0685351275763427,-4.0,4.0
0.8281591091192946,-0.0677988477990869,-3.9999998,3.9317005
0.8278141220134722,-0.0669042207917898,-2.8064868,4.0
0.827529296604244,-0.0661497587671145,3.0352728,4.0
0.8272474873813843,-0.0653871140926504,-2.9086838,-3.2078674
0.8269131468012434,-0.0644619583374927,3.7177784,3.999995
0.8266378094103799,-0.0636826810361421,3.690227,4.0
0.8263116367430737,-0.0627375300711826,3.9939463,3.9999013
0.8260433405554913,-0.0619418629569722,3.9822462,3.9999113
0.8257255506639862,-0.0609774938868258,3.9981647,3.9890041
0.8254645078935733,-0.0601658110409551,3.9991524,3.9996848
0.8251556090331467,-0.059182461341586,3.9999564,1.8448051
0.824901873046265,-0.0583553309258008,3.9999363,3.9999952
0.8246021883345911,-0.0573535544965706,3.9999917,3.998404
0.8243562845915278,-0.0565114004043013,3.9999962,3.9999988
0.8240659099184547,-0.0554920130744991,3.9999979,3.99728
0.8238280820391535,-0.0546351413273719,3.999999,3.9999983
0.8235475605718506,-0.0535984641368929,-4.0,-4.0
0.823317832653872,-0.0527277355909802,3.9999998,4.0
0.8230474702071298,-0.0516744288427217,-4.0,-4.0
0.8228263376586055,-0.0507900822134446,-4.0,-4.0
0.822566032497259,-0.0497210436587941,-4.0,-4.0
0.822353307419205,-0.0488234175083741,-4.0,-4.0
0.8221446526480892,-0.0479196263691275,-4.0,-4.0
0.8218997010071318,-0.0468274230471144,-4.0,-4.0
0.8217002454711139,-0.0459110156131056,-4.0,-4.0
0.8214664850992965,-0.04480412006831,-4.0,-4.0
0.8212764954565412,-0.0438757534439439,-4.0,-4.0
0.8210541688077044,-0.0427549212444611,-4.0,-4.0
0.8208736947696906,-0.0418153429760415,-4.0,-4.0
0.8206630905248475,-0.0406810927820761,-4.0,-4.0
0.8204924241529408,-0.0397306352693084,-4.0,-4.0
0.8202936168349753,-0.0385838707213661,-4.0,-4.0
0.8201330086091653,-0.0376231110513973,-4.0,-4.0
0.8199464214834997,-0.0364642851044198,-4.0,-4.0
0.8197961145060492,-0.0354936116543578,-4.0,-4.0
0.819621858896643,-0.0343233702056004,-3.999435,-3.9782534
0.8194819355676692,-0.033343652016341,-4.0,-4.0
0.8193203400114274,-0.0321628573273299,-3.99715,-3.89272
0.8191910764854722,-0.0311746324791171,-4.0,-4.0
0.8190423953281603,-0.0299838576183321,-3.9898636,-3.9601552
0.8189238302094737,-0.0289877585040086,-3.9997845,-3.9619744
0.818810250382054,-0.0279882255780455,-4.0,-4.0
0.8186805091824005,-0.0267842671223389,-3.9961743,-3.9353578
0.8185779887200292,-0.0257774405748258,-3.9999995,-4.0
0.8184616313149706,-0.0245653354918019,-3.9954956,-3.9049141
0.8183701891512964,-0.0235522289526789,-3.9997907,-3.9775653
0.8182671663326164,-0.0223329122600475,-3.9242904,1.5709862
0.8181869611013655,-0.0213137799402439,-3.9950378,-3.750304
0.8180976207936147,-0.0200875979584629,-3.738872,-2.585094
0.8180289119628764,-0.0190632710337222,-3.9911187,-3.8252292
0.8179534565819166,-0.0178312446926165,-3.5669186,-0.10600278
0.8178963900406968,-0.0168022457749314,-3.9876812,-3.9642973
0.8178347384112326,-0.0155652495853442,0.582192,3.99995
0.8177892362610074,-0.0145324262354911,-3.9175208,0.47804528
0.8177415395609802,-0.0132909606591925,3.2842162,3.9999897
0.817707853628481,-0.0122547261086818,-3.7081358,-2.2283278
0.817674404839545,-0.0110097262401501,3.3680377,3.999982
0.8176526388940867,-0.0099708849485289,-3.4305985,-3.9268825
0.8176335581672572,-0.0087232576975728,3.445963,3.9999886
0.8176235651807059,-0.0076828025766963,-0.98027796,3.9999306
0.817618934085671,-0.0066415902627934,-3.8982902,3.9796689
0.8176204406573333,-0.0053912206509848,3.3445046,3.999986
0.817627881952283,-0.0043487226075429,-3.3539624,-3.6888592
0.8176439403650931,-0.0030976729888602,3.4219873,3.9999743
0.8176632936481322,-0.0020551825859128,-0.24703114,3.9999695
0.8176936632390415,-0.0008041834660889,3.8920786,3.9999876
0.8177249871989883,0.0002382500332741,3.288162,3.9999843
0.8177696581128585,0.0014884532457301,3.9368591,3.9999988
0.8178128765078391,0.0025298530670446,3.8899198,3.9999971
0.8178722365188028,0.0037790670585617,3.9802544,3.9955654
0.8179280316408063,0.0048191631112103,3.9170742,3.9873452
0.8180021675746431,0.0060657445179122,3.9799933,3.9997954
0.8180701188581249,0.0071033616095196,3.9155746,3.999912
0.8181588644404201,0.0083467999373935,3.9942994,3.9762537
0.8182390566503533,0.0093816572427132,3.9949806,3.9999983
0.8183425229905589,0.0106214214925842,3.9993763,2.490793
0.8184347237488016,0.0116532960021614,3.999239,-3.9973714
0.8185528184171152,0.012889467284108,3.9996994,-3.996891
0.8186572037889048,0.0139178965154645,3.9990294,-3.9923968
0.8187672459656865,0.0149443601356484,3.9867172,3.9998424
0.8189064443072606,0.0161738730812254,3.9980018,-3.9983912
0.8190286138717767,0.0171960545371638,3.961068,3.9999158
0.8191825867884964,0.0184196664542585,3.9841259,2.896372
0.8193171138503178,0.0194365726382214,-2.9888856,-3.9035616
0.8194856459699472,0.0206528283126011,3.3801312,3.9999952
0.8196319880990365,0.0216635759440624,-2.1862614,4.0
0.8198145172756797,0.0228731866319997,2.9119666,3.9999988
0.8199724725683283,0.023878444316396,-3.3611412,4.0
0.820169053093954,0.025080850685008,-3.8943934,4.0
0.8203387736739008,0.026079170721946,-3.9855678,4.0
0.8205490375561059,0.0272725809071694,-3.9834714,3.9994738
0.820729561318711,0.0282629997546819,-3.99728,3.9756343
0.8209530304776763,0.0294460848717942,-3.9981475,3.9659219
0.8211450179715821,0.0304273161142186,3.820567,-3.9993203
0.8213825564800734,0.0315987863529871,-3.9919364,4.0
0.8215859845481407,0.0325702242223664,3.588265,-1.3510674
0.8218368989965417,0.0337297921927932,-3.9972548,3.9999928
0.8220513415399707,0.0346910393159671,2.4853559,-3.5248578
0.822271078778166,0.0356471296532142,3.7220244,2.6813674
0.8225414141751126,0.0367877451060298,3.6284192,2.1766214
0.8227722592397528,0.0377324994432428,-3.5807757,-1.2117138
0.82305541729015,0.0388594730189944,2.7767596,1.3109471
0.8232969047272696,0.0397926498945228,-2.3082616,1.087111
0.8235929364068756,0.0409050774703622,3.084065,2.344606
0.8238451139825165,0.0418257673503493,-3.9963102,-2.4504921
0.824153944367779,0.0429228094518706,-3.894859,-0.8179165
0.8244164802795547,0.0438304747177527,-3.9988344,-3.084864
0.8247377581650764,0.0449115017077516,-3.999114,0.40243295
0.8250107037147496,0.0458053457875409,-0.03851295,-3.7068243
0.8253443465983843,0.0468693561349614,2.2511005,-2.946178
0.82562744001781,0.0477488654523073,2.01493,-0.7962859
0.825972984066488,0.0487955488915847,1.9676021,-0.5790318
0.8262660130751004,0.0496602186231769,3.4656866,2.1984262
0.8266235502363314,0.0506885668387741,1.3547202,0.77266425
0.8269263315383409,0.0515377994849749,-3.79296,0.09429901
0.8272333288783011,0.0523798311540664,-3.9386663,-1.7608262
0.827607302124303,0.0533807103992533,-3.679302,-0.053900316
0.8279235046864395,0.0542067314290796,-3.9982076,-3.0119598
0.8283084030545484,0.0551879815372631,-3.4224641,-0.0762866
0.8286337133213001,0.0559973859751855,3.326544,-3.9885497
0.8290298084733917,0.0569580450473647,3.4970365,-3.9987926
0.8293643567375382,0.0577497766065346,3.7083414,-3.1981566
0.8297711435704473,0.0586891547718328,1.914573,-3.9860313
0.8301142349747981,0.0594632079340354,2.041103,-0.62855464
0.8305308805378872,0.0603813685124444,3.0084033,-1.0161785
0.8308822602170663,0.06113745383381,-0.39977345,-0.3834529
0.8313088154061002,0.0620335992341635,2.7090495,1.0256824
0.8316685477143555,0.0627707235838274,-3.724808,3.715784
0.8321051811911145,0.0636435645062518,-1.7060902,3.999901
0.8324733326240051,0.0643610560665303,1.011871,4.0
0.8329200374359627,0.0652103790971687,0.582487,4.0
0.833296117239653,0.0659083115012853,0.54383266,4.0
0.8337519564109701,0.066733817011356,0.7134096,4.0
0.8341355872591153,0.0674116228055318,-1.558035,-3.9956577
0.8345225912882505,0.0680798989641517,-1.2737683,-2.7006576
0.8349912947112801,0.0688694785981118,-3.6191409,-3.957468
0.8353853652950516,0.0695168871878385,-2.1432633,0.7091605
0.8358623570197454,0.0702810937264452,1.9622972,3.7604182
0.8362632456389161,0.0709072261633292,2.6900349,3.9806902
0.8367481850769781,0.0716458054527157,2.9990656,3.9880242
0.8371554820421362,0.0722504521837953,0.2748225,3.9735675
0.8376479788596071,0.0729629763009717,-3.3346872,3.3295867
0.8380613557277287,0.0735457567840266,1.2159158,-2.5573578
0.8385610850587705,0.0742316680221789,-3.3167484,-3.950206
0.838980552420837,0.0747915411780351,3.173315,-0.79671824
0.8394876948063879,0.0754488166308264,1.5750598,-3.205916
0.8399132980233283,0.0759842914293485,3.989493,-3.7786663
0.84042806904664,0.0766121186208158,3.9375432,-3.693122
0.84086049642889,0.0771229184013938,3.9047434,-2.735057
0.8413830840524392,0.0777215636299795,-3.9983652,3.8341727
0.8418212592481639,0.0782086350146819,1.4189377,-0.91134274
0.8423502331431337,0.078778627601316,1.5764068,-0.63841003
0.8427932183340997,0.0792418525769879,2.0735235,-0.69856244
0.8432384049081667,0.0796942003033809,-3.9483118,2.2093372
0.8437753445151596,0.0802225340893171,-3.993928,3.0267544
0.8442249644204797,0.0806505494126418,0.50620073,-0.7353138
0.8447670451156453,0.0811492792064048,1.4217647,-0.47721803
0.8452207900568725,0.08155242739553,-0.031471558,0.5730101
0.8457675742733165,0.0820211863236054,-3.763849,3.0401583
0.8462250313133843,0.0823992945965087,-0.6328576,-2.080107
0.8467761117061144,0.0828377759499823,-0.4666997,-1.2412491
0.8472370437171607,0.0831902905281813,0.937869,1.8024585
0.8477920678437596,0.0835979375072396,-1.813761,3.8125641
0.8482560895199385,0.0839248338961749,-1.5982313,-3.3189397
0.8488145758927083,0.0843012544326605,-0.40626812,-0.9538151
0.8492813387441089,0.0846017913662384,0.45981053,3.994025
0.8498430324788179,0.0849467505452808,-1.9350529,-3.7019756
0.8503121361984016,0.085220563563886,0.5654539,3.5515141
0.8508764579492001,0.0855333416133243,-3.9860003,-4.0
0.8513477278336279,0.0857806289955052,-1.9903889,-3.5884173
0.8519143391983629,0.0860609965924614,-0.8739023,-2.2528248
0.852387325661492,0.0862810880743706,-1.9424572,-3.8129504
0.8528609445133185,0.0864884888277884,-1.2420204,2.3005655
0.8534299866883106,0.0867210892501994,-0.90265006,-4.0
0.8539049454500872,0.0869007391511043,-3.9999998,-4.0
0.8544755205749781,0.0870995053839772,3.995646,4.0
0.8549518128401491,0.087251311184998,1.7559122,-3.8398943
0.855523813926532,0.0874159848661652,3.3308582,4.0
0.85600095582814,0.0875392275088067,2.680992,-0.9624127
0.8565739990770044,0.0876700351557858,3.0281856,2.6965258
0.857052007321193,0.0877648018109257,3.8003728,-1.9794114
0.8576260517246969,0.0878613563520646,2.6514122,-3.7752519
0.8581049730603105,0.0879274768486746,0.9376563,-3.9845877
0.8586801302655527,0.0879892063183312,3.9333029,3.9998703
0.8591596992212674,0.0880264224063476,-2.5274925,-3.99997
0.8597360599240284,0.0880529434592281,2.519631,-3.9188094
0.8602171609001696,0.0880598133872334,-3.985071,3.92095
0.8607943527686557,0.0880506962269611,3.8494256,-3.7527447
0.86127607069635,0.0880277513204448,3.7591686,-3.994935
0.8618551846634949,0.0879814944944089,-3.9606836,-0.5318454
0.8623377674008039,0.0879275699861699,1.7735618,-3.9792516
0.8628207736834849,0.0878593285762022,3.6912048,-4.0
0.8634010307320423,0.087758442613905,-0.7925438,-4.0
0.8638842317124694,0.0876584763114873,-0.6994824,-4.0
0.8644630252952508,0.0875193715979452,-3.3639631,-3.822122
0.8649444096677525,0.0873880041262085,-0.3414493,-3.8887916
0.8655211731800532,0.0872122381511041,-1.6293702,2.0951896
0.866000883734933,0.0870508611824727,0.43296188,-2.726807
0.866575728357378,0.0868383650031443,-2.2122588,-3.9501173
0.8670537049796071,0.0866457509858139,-0.9209855,-3.0077715
0.867626368270597,0.0863960093030346,-2.6501896,-3.997374
0.868102540342821,0.086171963406541,-0.90279484,-4.0
0.8686728256837769,0.0858839965432173,-2.0423257,-3.2778594
0.8691468927428571,0.0856277422233975,-2.9110527,-3.9849072
0.8697143002504976,0.0853010707827598,-2.2161772,-3.1797564
0.8701859578742328,0.085012847286299,-3.263846,-3.999743
0.8707500365688496,0.0846472443691718,3.9073076,4.0
0.8712190515679749,0.0843269022879183,-3.429139,-3.5454729
0.8717802536637189,0.0839232419188143,-3.6020968,-3.9992268
0.8722468496989138,0.0835706653363682,-3.9806402,4.0
0.8727124466341138,0.0832037485002525,-3.870006,-3.716905
0.8732696565901367,0.0827435545776131,1.256175,4.0
0.8737330718710542,0.0823441240341562,-3.8957627,-3.5791507
0.8742875958405109,0.081845102759299,-3.9648278,-3.807682
0.8747485979613371,0.0814127263721271,3.615903,3.9999547
0.8753006588313438,0.0808743742734255,-3.972862,-2.6800058
0.8757595841571686,0.0804092516732213,-3.9997532,3.2323198
0.8763092141408739,0.0798315695522426,-3.9998858,1.6160339
0.8767664231585027,0.0793336943533742,3.9990916,1.3981853
0.877313889239405,0.0787162384317506,3.2403858,-3.390101
0.8777692686610037,0.0781848665195016,2.8098965,-3.47539
0.8783147956643341,0.077527339401725,-0.7772968,-3.107101
0.87876870108357,0.076962613108895,1.7200408,-1.944594
0.8793128156873979,0.0762649133620503,3.9910083,3.7966032
0.8797657451155262,0.0756666851076839,-3.9685607,-0.029702595
0.8803083377484472,0.0749281542568274,3.6261716,-3.2873063
0.8807601222797159,0.0742955753545604,-3.9257874,-1.6925262
0.8813017392184498,0.0735158118981712,3.994079,-1.154593
0.8817528986074176,0.072848806130274,-0.7672929,3.9439378
0.8822040737329958,0.0721661669551337,3.2698205,4.0
0.882745255551982,0.071325965771065,-3.9846766,-3.9999957
0.883196293338912,0.0706082311561707,-3.9978049,-4.0
0.8837379900326456,0.0697261160409373,-3.9970615,-4.0
0.8841896147428311,0.068973234500889,0.8626867,-4.0
0.8847319671423347,0.0680482285421364,3.1155465,3.8572984
0.885184612487296,0.0672596236351278,-2.2199998,2.9686167
0.8857286247961601,0.0662916177447992,3.9962666,3.9989903
0.8861829936183758,0.0654668574230781,1.9515407,3.8156471
0.8867294695678712,0.0644553411123509,3.9903538,-4.0
0.8871860401213958,0.0635938733993263,0.28078648,-3.9999986
0.8877356405913555,0.0625378604578148,3.5908835,-3.9999957
0.8881953098010164,0.061639206528389,-3.0918581,-3.905142
0.8887492360822628,0.0605385591428919,-3.944344,-3.9991436
0.8892128929653491,0.0596023609675184,-3.7903447,-3.8238733
0.8897722182529582,0.0584563872204648,-3.8842576,-3.990486
0.8902408213636607,0.0574821551341647,3.9980738,-1.0767447
0.8908067447973794,0.0562901920490255,3.2930942,-3.721901
0.8912816757483057,0.055277486497717,3.2220829,4.0
0.891759745827562,0.054247334037905,3.997844,3.999983
0.8923381156157758,0.0529878594411686,3.9997275,3.9999979
0.8928243657076292,0.0519186838559988,-3.8877025,4.0
0.8934133763311278,0.0506120184160725,-3.0138392,4.0
0.893909315706063,0.0495033566693802,-3.9999979,-3.999979
0.8945109618651533,0.0481489538307951,3.996394,3.9999988
0.8950185947609126,0.0470005102287349,-3.9999998,-3.9999974
0.8956355202175745,0.0455981223943317,-4.0,-3.9997637
0.8961565961158825,0.0444092226611629,-4.0,-4.0
0.8967908991562709,0.0429580712370711,-4.0,-3.9999928
0.8973275794410799,0.0417282769120802,-4.0,-3.9999952
0.8979819377845075,0.040227964635669,-4.0,-3.9339797
0.8985363273742272,0.0389573803168592,-4.0,-3.1518767
0.8992133681098478,0.0374081982845513,-4.0,-3.9998174
0.8997880848635356,0.0360967693814512,-3.9999516,-0.87622416
0.900491557699474,0.0344985959569224,-3.9999838,-3.9999983
0.9010902693174406,0.0331459481217057,2.510735,2.966773
0.9018248479668352,0.0314978722438946,-0.6781947,-1.9353868
0.9024512129589132,0.0301037656690064,3.9997175,3.6175592
0.9030915726888066,0.0286909351218091,3.9999852,3.9970272
0.9038796234899016,0.0269704990829915,3.9999862,3.9996314
0.90455380336668,0.0255160615519966,-4.0,3.8994389
0.9053850652951452,0.0237460505614498,3.9999897,3.996901
0.906097770497514,0.022250391670023,-4.0,3.9949865
0.906978334733483,0.0204309867227566,3.9999864,3.9999971
0.9077348071809468,0.0188945547062204,-4.0,3.99969
0.9086712790889336,0.0170268477190017,-4.0,3.9999666
0.9094771510336352,0.0154507037389963,-4.0,3.9999964
0.910476512222188,0.0135361154939901,-4.0,4.0
0.911338074480895,0.0119217809982197,-4.0,4.0
0.9124086281089454,0.0099625230319607,-4.0,4.0
0.9133330937463914,0.0083120728801387,-4.0,-0.48807445
0.9144838073765148,0.0063107900363356,-4.0,4.0
0.9154790957856864,0.0046267147283484,-4.0,1.4091566
0.9167195439248604,0.0025875285593923,-4.0,3.9999251
0.917793982479855,0.0008740653511229,-4.0,2.4026644
0.9191351207354987,-0.0011978376767773,-4.0,3.9901001
0.9202981103180388,-0.0029357679429779,-4.0,0.22116968
0.9215047401161752,-0.0046829025042471,-3.9998844,-3.9806862
0.9230133152121291,-0.0067895653981803,-3.9999995,0.64977664
0.9243234852450064,-0.0085512174073271,-3.708806,-3.9999995
0.9259626030136991,-0.0106697265021444,-3.887273,-3.985214
0.9273870123261132,-0.012436528142214,3.9450262,-4.0
0.9291702339933456,-0.0145547041245245,3.9451742,-4.0
0.930720516066282,-0.0163148138528103,3.67458,-4.0
0.9326612979519172,-0.0184166362477353,3.9823928,-4.0
0.934348324568176,-0.0201556058600874,-3.9623926,-4.0
0.9364595769746372,-0.0222214560374854,0.6545529,-4.0
0.9382939466721806,-0.0239210101114628,-4.0,-4.0
0.9405879423874884,-0.0259274287750279,-4.0,-4.0
0.942578608366222,-0.0275665304016856,-4.0,-4.0
0.9450639064509554,-0.0294857935483302,-4.0,-4.0
0.9472167587916588,-0.0310387846394244,-4.0,-4.0
0.9498989007495382,-0.0328378575144254,-4.0,-4.0
0.952216119748418,-0.0342758628099612,-4.0,4.0
0.9550941035763616,-0.0359180752301291,-4.0,-4.0
0.9575719532400836,-0.0372095733160698,-4.0,4.0
0.9601197772839152,-0.0384235835871167,2.721969,4.0
0.9632652149081958,-0.0397690321272966,-4.0,4.0
0.9659548738210892,-0.0407897401319839,3.4216967,4.0
0.9692577237213916,-0.0418843564766712,-4.0,4.0
0.9720657193927242,-0.0426815688799381,1.1300653,4.0
0.9754924270498312,-0.0434924587226483,-3.9999986,4.0
0.9783870270465984,-0.0440417325028354,3.9962602,4.0
0.9818958381796932,-0.044544332940323,-3.9997814,4.0
0.984839190913596,-0.0448301300514453,3.9995942,4.0
0.9883820332816728,-0.045012142911984,-3.9787853,4.0
0.9913330731332894,-0.0450295934798396,3.2418034,4.0
0.994860244541028,-0.0448912979951408,0.954978,4.0
0.997778244949868,-0.0446459826631197,-3.9371042,3.999999
1.0012426387581297,-0.0442005956408804,1.7559552,4.0
1.0040909692681048,-0.0437083548005632,-3.999484,3.999996
1.0074529776977212,-0.042979550232614,-3.9988184,3.9999967
1.0102016562342897,-0.042263675858076,-4.0,4.0
1.0134297419986371,-0.0412833448697776,-4.0,4.0
1.0160566454018038,-0.0403725506252495,-4.0,4.0
1.0186228872676533,-0.0393830255021079,-4.0,4.0
1.021619333329945,-0.0381005012112196,-4.0,4.0
1.0240447333784597,-0.0369593417972421,-4.0,3.999999
1.0268673672701203,-0.035511775346768,-4.0,3.9996264
1.0291459434326369,-0.0342474024051808,-4.0,3.9990146
1.0317920223921384,-0.0326690739060137,-4.0,-1.6385559
1.0339241966828547,-0.0313092865505518,-4.0,3.845528
1.036396463358012,-0.0296313243782997,-4.0,3.9999537
1.038385881009458,-0.0281996781254563,-4.0,4.0
1.040690211377466,-0.0264478723791852,-4.0,-3.9972908
1.0425431225924628,-0.0249647352671111,-4.0,-3.9991841
1.044688241613316,-0.0231626663288007,-4.0,-3.999912
1.0464125787042036,-0.0216456899607761,-4.0,-3.9998176
1.048408583193699,-0.0198114423170667,-4.0,-4.0
1.0500130953412723,-0.0182744944966287,-4.0,-3.9999993
1.0518708039888442,-0.0164239700595771,-4.0,-3.9999952
1.0533647363491192,-0.014879207147566,-4.0,-3.9997125
1.0550950522501823,-0.0130250513524638,-4.0,4.0
1.0564871203428916,-0.0114810576712093,-4.0,-3.9999933
1.0578357645073446,-0.0099408073762408,-3.9975555,4.0
1.0593992767517435,-0.008099049213689,-4.0,-3.998408
1.0606584848137957,-0.0065706194149121,-3.985094,4.0
1.0621194926359954,-0.0047457974120705,-4.0,-4.0
1.0632971554064186,-0.0032338130384002,-4.0,-4.0
1.0646648223400703,-0.0014311776460164,-4.0,3.9999998
1.0657683283742123,6.060750205148335e-05,-4.0,3.767032
1.0670511839369532,0.001836362924096,-4.0,-4.0
1.06808734659723,0.0033027870936925,-4.0,3.9991333
1.069293202944425,0.0050462804193968,-4.0,3.9202614
1.0702682445199367,0.0064849570158668,-4.0,-4.0
1.0714042430963684,0.0081936003467081,-4.0,-3.9931817
1.0723238478146166,0.0096023219711177,-4.0,-3.9803574
1.0733964995906968,0.0112741451528216,-4.0,-3.7432852
1.0742658456479326,0.0126519283367584,-4.0,-3.9984322
1.07528108305021,0.0142861103740912,-4.0,3.996609
1.0761048880516588,0.0156319968408176,-4.0,-0.7195767
1.0769094324052388,0.0169630401299601,-3.9999983,-3.8862379
1.077850800496093,0.0185405815090836,-4.0,3.8729668
1.0786164480927878,0.0198395795357047,-4.0,3.9999995
1.0795134248211484,0.0213795730606111,-4.0,3.9979427
1.0802434903704805,0.0226468345846448,-4.0,3.993641
1.0810997196638497,0.0241482199584473,-4.0,3.9984488
1.081797487244469,0.0253832327767037,-4.0,3.9988363
1.0826168536523806,0.0268461189957359,-4.0,2.3151472
1.0832854114422006,0.0280493535709035,-4.0,3.9999993
1.0840715484017716,0.0294744874651286,-3.9999788,4.0
1.084714127694387,0.0306465491268976,-3.9996946,4.0
1.085471387122763,0.0320343995478963,-3.9974766,4.0
1.086091933066196,0.0331754534189513,4.0,4.0
1.0868249500739522,0.0345261787690024,-3.9990442,4.0
1.087426538048857,0.0356362493333721,-3.9969406,3.999998
1.0881380347226108,0.0369498082354024,3.9999518,4.0
1.088722883995509,0.0380291417414591,3.9999359,4.0
1.089415555824406,0.039306059089796,2.9927418,4.0
1.0899851699027585,0.0403549869438027,-4.0,3.995032
1.0905481157597152,0.0413897987931768,3.9982128,3.999569
1.0912153781794318,0.0426121773087937,-3.9916017,-3.999997
1.0917649168342942,0.0436145971335689,-0.34471717,-3.9986906
1.0924169103307728,0.0447979053680099,3.9910195,-3.987031
1.0929546561548174,0.0457673598270534,-1.3607804,-3.999964
1.09359338891878,0.0469109593085238,-3.9958606,-4.0
1.0941206300119048,0.0478474132903127,-3.9194102,-3.9988265
1.0947473953450306,0.048951547945606,3.992876,3.3772256
1.0952655393448458,0.0498557078269292,-2.7977839,-3.918703
1.095882137011824,0.0509211620174988,-3.9961193,3.9954932
1.0963917294864298,0.0517932809119507,4.0,3.9985952
1.0969992373562,0.0528212375254288,-3.002429,3.5439663
1.0975021451474665,0.0536628485406163,3.3126616,3.562435
1.0981023383675834,0.0546550595331858,-3.7901099,3.42459
1.0985998834649977,0.0554675014956544,-3.2822404,3.3332753
1.0991937671907157,0.056425050929526,-3.4666896,2.8938937
1.0996859516275694,0.0572082663815493,3.9983711,3.8794367
1.1002731447738183,0.0581296634115408,-3.9992027,-4.0
1.1007599458039214,0.0588818136270939,-2.4406953,-4.0
1.101244758522671,0.0596198715628843,-3.3887,3.963095
1.101824239794953,0.06048778817582,3.9999957,-4.0
1.1023054642250771,0.0611961488848065,-3.103536,-4.0
1.1028808006735582,0.0620281680863912,-3.2819886,-3.9999993
1.103358582681876,0.0627065926012434,-3.9534264,-4.0
1.1039302444148735,0.0635025161874579,-2.828433,-4.0
1.104405614289391,0.064151513640725,-4.0,-4.0
1.1049750403705374,0.0649137628976492,-2.0120864,3.8146296
1.1054488692435982,0.0655358166591114,3.9999995,1.321645
1.106016435821423,0.0662652440826476,-3.9991949,-3.9997575
1.1064882170910064,0.0668583579887912,-3.9686072,-4.0
1.1070531839677955,0.0675525008547295,2.1848338,-4.0
1.107523142336715,0.0681163712273551,-3.9892652,-4.0
1.1080860733278797,0.0687756177100948,-2.400114,-4.0
1.1085544034376935,0.0693105723235885,-0.9922337,-3.999999
1.109115408583504,0.0699353158165016,-3.8930705,-4.0
1.109582284935679,0.0704416761150535,2.0156786,-4.0
1.110141978868538,0.0710322910528141,-3.8829968,-4.0
1.1106077556838356,0.0715103641573814,3.9995525,-4.0
1.111073735965773,0.0719761586606977,-3.303205,-3.9999802
1.1116334147199032,0.0725197880363326,3.1435108,-4.0
1.1121004270739585,0.072959264313164,1.4869275,-4.0
1.1126612130982227,0.0734700254671978,-1.8413007,-4.0
1.1131283411811683,0.0738818839052338,-3.9999995,4.0
1.1136880679260026,0.0743612060392561,-3.8796074,-3.9999979
1.114153545743125,0.0747483027190462,-3.676378,-4.0
1.1147121612450597,0.075197184608959,3.5871558,-4.0
1.115177796427858,0.075557927306548,-3.8370414,-4.0
1.1157362234149102,0.0759762077608814,-2.8652663,-3.9835544
1.116201853135001,0.076312425142909,-3.6791372,-3.9999995
1.1167608222195349,0.0766999425480319,-3.882308,-4.0
1.1172265359586229,0.0770101302353545,3.0330696,3.9999979
1.1177857675533087,0.0773683439686719,3.8610349,-3.9999905
1.1182519006546336,0.0776538386753071,-3.0065544,-3.9999995
1.1188113258743817,0.0779815938123905,-3.4945302,2.9970894
1.1192776674264249,0.0782435875626055,-3.966914,-3.9999897
1.1198372342466216,0.0785427776281809,-3.8170207,-4.0
1.1203034900106177,0.0787797352487207,0.52350074,3.9998364
1.1207699794359534,0.0790069204359902,2.1194012,-3.3650987
1.1213297000088545,0.0792649552589984,-0.5450008,3.9999986
1.121795818197859,0.0794685146027442,3.9984004,3.9998703
1.1223556090723372,0.079700088320489,-3.9895637,-3.999911
1.1228218923883102,0.079881398596524,-2.368638,3.9977045
1.123381198223529,0.0800861685892588,3.765145,3.9499755
1.12384765796361,0.0802462102369077,-1.7325227,-2.8233728
1.1244069049115268,0.0804239658883468,1.5811216,3.9941442
1.124872934584668,0.0805614371123466,3.9130194,3.6401324
1.1254324757082237,0.080713753676865,2.450016,-3.9999015
1.1258983066792698,0.0808287757369873,4.0,4.0
1.1264576102576358,0.0809542374351644,-2.7986624,-1.9917898
1.1269234075022077,0.0810477045559637,-1.9283985,-3.9471655
1.1274818524702164,0.0811462324649455,-2.4943695,2.2683287
1.1279473613482855,0.0812178492424108,-3.9191637,-3.8838356
1.1285052395320343,0.081289904830437,4.0,4.0
1.1289703702484175,0.0813397256366414,-3.1734111,-3.6116607
1.1295278293929674,0.0813860107404064,-3.9119844,-3.5190573
1.1299921804552322,0.0814138333126974,-3.993541,1.492522
1.130456457570067,0.081432324503823,-3.999997,-3.8828902
1.1310131617841634,0.0814414006394244,-3.518864,4.0
1.1314769347345726,0.0814394043816354,3.2740655,1.5256969
1.1320328590452806,0.0814249517581232,3.9999979,4.0
1.1324963047967116,0.0814033841406278,-0.47587457,-3.4230182
1.133051408604964,0.081364798445446,4.0,4.0
1.1335140997594229,0.0813231636032947,1.4552947,2.698088
1.1340685619830544,0.0812611458700712,3.9999936,4.0
1.1345305335789406,0.0811996695692913,-3.9542792,3.9990246
1.1350838418661335,0.0811142775023412,3.9880593,4.0
1.135544780138246,0.0810337892220107,-3.9976127,-3.998023
1.1360967731405338,0.0809254834909104,3.5996284,4.0
1.1365562686080766,0.0808260524684849,0.9788597,3.9999988
1.1371067236223529,0.0806954674547169,-2.3120012,4.0
1.1375645776977137,0.0805777143895928,2.935029,4.0
1.1381132348081715,0.080425596562695,-3.4537144,4.0
1.1385696249144062,0.0802900558109598,-3.9996462,3.9999993
1.1391161455818182,0.0801167305227825,4.0,3.9999995
1.1395710234352543,0.0799635880529525,-3.999656,3.999999
1.1400248198948733,0.0798022519575961,3.9072137,3.9999993
1.1405682657246663,0.0795983702353021,3.9990938,4.0
1.1410201957498922,0.0794201172321295,3.9961035,3.9723716
1.141561419027938,0.0791962573429092,-3.7742355,3.9997537
1.142011280192887,0.0790012152593997,-3.9978514,3.9896493
1.142549710398881,0.0787563589856736,-3.9864016,-3.7140038
1.1429971018313578,0.0785431033495435,-3.9998865,-3.9717495
1.1435324435448029,0.0782765235213039,3.953588,3.7109234
1.143977268301383,0.0780455348864467,3.9937484,3.9999998
1.1445094686793404,0.0777578148177999,-3.9998689,-3.5658345
1.144951598519845,0.0775092581218076,-3.1722376,3.915587
1.1454804230084843,0.0772007350646438,-3.9999979,-3.6882095
1.145919664021969,0.0769349666646423,1.4125544,2.0699751
1.146445021135966,0.0766058400359027,1.7802398,3.9784126
1.1468813572745813,0.0763229420834235,-4.0,-3.999762
1.1474026995721542,0.0759727318839848,3.8658545,3.073286
1.1478355220197332,0.0756726105874463,3.9836142,3.999753
1.1483530872961356,0.0753025062684775,3.9999998,3.9999995
1.148782689803,0.0749858699258186,-3.9999952,-3.9967542
1.1492104281173814,0.0746614587712173,3.9999275,3.9713738
1.1497218060551873,0.0742624409572347,-3.999996,-1.6743797
1.150146053684154,0.0739216722971979,3.999997,3.9668953
1.1506528149011936,0.0735029128013998,-4.0,-1.3829696
1.151073231431379,0.0731458757802566,3.9999971,3.9521754
1.1515752867314186,0.0727078803636471,-3.9999983,-3.7764976
1.1519917703816505,0.0723349104007483,-4.0,-3.897805
1.1524891350418789,0.0718779036837455,-4.0,-3.9998684
1.1529013345295087,0.0714889594064976,3.9997969,3.9995818
1.1533936214792222,0.0710131002037439,-4.0,-3.7132032
1.1538015891333364,0.070608817745501,-3.9999995,-3.9968913
1.1542884948025889,0.0701144534292267,-4.0,-3.9999306
1.154692045570452,0.0696947539188085,4.0,4.0
1.1551736662021712,0.0691820574894932,4.0,4.0
1.1555724930343638,0.068747307852843,4.0,4.0
1.1560481624898928,0.068216622588838,4.0,4.0
1.1564420877663537,0.0677669965843582,4.0,4.0
1.1569119820639773,0.0672189374465869,-4.0,-3.995831
1.1573007887600248,0.0667548999879835,-4.0,-3.999873
1.157687414923572,0.0662844346384325,-4.0,-3.9997153
1.1581479946439317,0.0657112076204106,4.0,4.0
1.1585292235609597,0.0652264379115533,4.0,4.0
1.1589834350956587,0.0646361465264946,-3.9999626,3.1580462
1.1593591349079315,0.0641373567364287,4.0,4.0
1.1598067505518366,0.0635307673160491,-3.9999983,-3.9919233
1.1601770897312518,0.0630185927872678,4.0,4.0
1.1606182504261655,0.062396018076837,-3.993895,-1.6303573
1.1609830579744276,0.0618706400679744,-4.0,-3.9999115
1.1614173181000462,0.0612321864473594,-4.0,-3.9538364
1.161775858292672,0.0606932515900776,4.0,4.0
1.1622028361609045,0.0600391241406129,4.0,4.0
1.162555890319552,0.0594878692930689,3.9995272,4.0
1.1629757122214366,0.0588186753506428,4.0,4.0
1.1633223557201624,0.0582550256153838,-4.0,-3.9407315
1.1637341960530403,0.0575709519993838,1.2477652,3.999466
1.1640743583878903,0.0569950800775304,-4.0,-3.9998922
1.1644787214745496,0.0562969328307701,4.0,4.0
1.1648123570904574,0.0557096086576045,-4.0,-3.7998464
1.1651428579273753,0.0551171687866911,0.8171937,3.999993
1.1655355800600211,0.0543999162479374,-3.99665,3.9959648
1.165859335243047,0.0537970083830509,3.7830603,3.9545872
1.166243891295061,0.0530675399682683,1.5582017,2.5217116
1.1665607557415094,0.0524542744124701,4.0,3.999852
1.166936923048731,0.0517121096646521,-3.8702633,-2.4519095
1.1672468044581892,0.0510883418800478,3.3373623,3.271081
1.167614699413176,0.0503338329749227,-4.0,-1.7434456
1.1679175541058802,0.0496997557462795,-2.69368,-1.4983401
1.1682766587178446,0.0489328564486257,4.0,3.9997385
1.1685722762320438,0.0482887316213384,4.0,3.9993339
1.1689224583521771,0.0475096757360441,-2.871784,-2.6761708
1.169210350110181,0.0468553728991455,-3.2105746,-2.4925275
1.1695512496376532,0.046064289255117,3.9501529,3.8315332
1.1698314601027366,0.0454001204005198,1.4827669,0.87343097
1.1701633247783363,0.0445975918230518,3.9114726,3.865773
1.170436003832405,0.0439241428997609,3.9650428,3.9030187
1.170758530278892,0.043110483285414,4.0,3.998883
1.1710233220673425,0.0424280294971999,-2.4153273,-2.9960399
1.171284429807102,0.0417413520404914,-4.0,-0.9729249
1.1715926763905664,0.0409119029392391,-4.0,-3.2156456
1.171845446933344,0.0402164902310971,3.8717163,3.7639234
1.1721438984452128,0.0393770522015921,4.0,3.9994254
1.1723885287153994,0.0386734634108537,-4.0,-2.8373013
1.172677072762744,0.0378242417498748,-4.0,-3.6648338
1.1729133869508543,0.0371125057532215,3.6875951,3.5630765
1.1731921166296246,0.0362537819191673,-4.0,-3.3988705
1.173420104166575,0.0355341608265288,3.9956114,3.9849935
1.1736884464549748,0.0346657526781276,-3.9988923,1.0061907
1.1739077068791106,0.0339385216751105,3.21449,2.8986385
1.1741656137758891,0.0330614103320583,-4.0,-3.1179664
1.1743763474961315,0.0323271735309025,-4.0,-3.885642
1.1746240179859813,0.0314417977380336,4.0,4.0
1.1748259976334048,0.0307005144780844,4.0,3.999999
1.1750632463114163,0.0298071553178603,-4.0,-3.9900098
1.1752567472033828,0.02905960519334,-4.0,-3.9993527
1.1754838107662424,0.0281589129774873,1.5986272,3.9921906
1.1756687766753784,0.027405520624353,-4.0,-3.999522
1.1758497214806678,0.0266493829905658,-4.0,-3.9999242
1.176060951162068,0.0257381566513297,-4.0,-3.9984705
1.176232485357761,0.024976162158802,-4.0,-3.9999323
1.1764326477904807,0.0240581787906475,-4.0,-3.9998336
1.1765947776147732,0.0232904438420845,3.9999917,4.0
1.1767836983423778,0.0223660969084745,3.999855,4.0
1.176936565265982,0.0215933692721375,-4.0,-3.9993944
1.1771146523151903,0.0206634310006281,3.9999194,4.0
1.17725869671416,0.0198865627185672,3.974,3.9999964
1.177426288013207,0.0189519154657588,-4.0,-3.9996514
1.177561447060199,0.0181710912412807,3.9981275,4.0
1.1777183926061088,0.0172322370330134,-4.0,-3.9999075
1.1778446230695023,0.016448195700341,3.9923275,3.9999998
1.1779908577671407,0.0155057580829582,3.996682,4.0
1.178108418855465,0.0147190671926051,-4.0,-3.9981039
1.178243811674457,0.0137734370908842,3.9915037,4.0
1.1783522068263947,0.0129843458914344,-3.996542,3.9999976
1.1784766571529026,0.0120361624360293,3.9958117,3.9999993
1.1785758521993546,0.0112450817947847,3.9893575,3.999998
1.1786709253820509,0.0104532429190216,3.7601328,3.999991
1.178779626057508,0.0095020532103768,-3.999584,-3.6156871
1.1788653007891172,0.0087082982777622,3.9991004,3.9999604
1.1789627793437198,0.0077552012056303,2.1747797,3.9996336
1.1790392974814006,0.0069602096598302,3.7663367,3.9999852
1.1791254465243548,0.0060057025947243,3.999986,3.9826262
1.1791927439338905,0.0052099438213989,-4.0,-3.9999583
1.1792678661923788,0.0042541140234354,-3.9957767,-3.9983542
1.1793256469055275,0.0034567342160646,-2.115888,3.9940217
1.1793892385087197,0.0024994621814046,-4.0,-3.9999862
1.179437497934786,0.001700936895594,-3.9895046,1.2969074
1.1794898024137557,0.000742093359396,-4.0,-3.9980593
1.1795284225985496,-5.766904032685155e-05,3.9999762,3.2736678
1.179569290659241,-0.00101738358327,-3.9998894,-3.9990647
1.179598265517612,-0.0018181478090355,0.43497118,3.9997177
1.1796275569647598,-0.0027784985917226,3.9987128,-0.13634738
1.1796472309610564,-0.0035789408884389,3.6849241,0.25975433
1.179662569891591,-0.0043798471176138,-3.9963624,-3.9873307
1.1796748907651438,-0.005341564183101,3.999806,1.8788526
1.17968054266639,-0.0061424744249743,3.590307,-1.9698215
1.179681680359834,-0.0071030424604736,-3.9999418,-1.4060867
1.1796779048004145,-0.007902981722108,-3.9999993,3.617234
1.1796676360646952,-0.0088626389524895,-3.9028513,-3.917441
1.1796542884499512,-0.0096621669401448,-4.0,-3.9809725
1.1796325153787046,-0.0106214959700465,-3.9982038,-2.419986
1.1796097028011887,-0.0114201653525875,3.999995,1.8290678
1.1795769256704776,-0.0123770816356065,-4.0,-3.9572082
1.179544852140988,-0.013174259429254,-3.9987078,1.5266291
1.1795004037540642,-0.0141306841153037,3.9999917,3.9407833
1.179458785208559,-0.0149263734175514,3.9872637,-2.2794285
1.1794032897686109,-0.0158802748279731,3.9931269,-4.0
1.179352385525701,-0.0166743828983479,3.999989,-1.1163127
1.1792855603549424,-0.0176259824772912,3.999718,3.9957807
1.1792253472189418,-0.0184176154307837,-3.9873211,-3.530986
1.1791472755178845,-0.0193665178248477,3.9999952,2.6238265
1.1790777588730097,-0.0201561665806553,3.9880493,-3.9999537
1.1790039440741722,-0.0209448974224953,-3.961718,-3.9677806
1.1789096907475478,-0.0218897535960913,-0.27728835,3.9453566
1.178826719669123,-0.0226755231617029,3.9983468,0.6499141
1.1787215892216818,-0.0236172843569714,3.9991975,3.994604
1.1786294537426791,-0.0244002723858466,-0.40280584,-4.0
1.1785135875262294,-0.0253382081630484,-3.1473768,-4.0
1.178412400715169,-0.0261186543401591,3.9924507,-4.0
1.178285632211387,-0.0270533830918261,-4.0,3.7332187
1.1781755396138924,-0.0278305159524531,-4.0,3.8998775
1.17803798750687,-0.0287607889749938,3.4708936,-3.9999313
1.1779190426807615,-0.0295342717262143,-4.0,-3.999999
1.1777707113304456,-0.0304603817330343,3.8487754,-4.0
1.1776425970531266,-0.0312302559918198,-4.0,3.9163291
1.1774835062900455,-0.0321515963793875,3.852064,-3.9999993
1.1773465226313644,-0.0329172289885588,3.9761312,-4.0
1.177176761258416,-0.0338335836968226,-4.0,-3.0907009
1.1770308237622653,-0.034595194059343,-3.9877577,-4.0
1.1768501789711483,-0.0355065022793733,-3.9806468,-4.0
1.176695154600376,-0.0362636416401012,3.9324722,-4.0
1.1765362280493126,-0.0370187013065272,-3.9852006,-3.99895
1.1763400810355849,-0.0379218754410445,3.9906712,-2.1989226
1.1761722484351316,-0.0386720408612965,-3.9289124,-4.0
1.1759655493497567,-0.0395690297242117,2.5782607,-4.0
1.175789285925855,-0.0403139460786938,-3.9973097,-4.0
1.175572770862195,-0.0412045147288879,-3.738113,-3.9998834
1.175388276828614,-0.0419437027337261,3.633507,3.9999013
1.1751629948202675,-0.0428271011880014,-4.0,-3.9970078
1.1749713714958092,-0.0435607383202182,-3.9999216,4.0
1.17473616422969,-0.0444371812493192,3.7235403,-4.0
1.174536245923791,-0.0451641013475411,-2.3193524,-4.0
1.1742915765563462,-0.0460329108901725,-3.99863,-3.9999986
1.174083681636026,-0.0467540148636713,-3.6818511,-3.9999945
1.173829506841318,-0.047615311765904,3.9983988,-4.0
1.1736141146633083,-0.0483297179587107,-3.9998755,4.0
1.1733509461577132,-0.0491825403850492,-3.6936996,-3.999943
1.1731279180996836,-0.0498896442475581,-3.9999762,-4.0
1.1728560141148632,-0.0507333222967805,3.9999993,0.12312908
1.172625902503868,-0.051432376795598,3.9998777,-3.9999955
1.1723925274284983,-0.0521279425650992,3.995902,3.9567058
1.1721085903472424,-0.0529577946791467,2.8025298,-3.9999971
1.1718683424300371,-0.0536449316173492,-3.981016,3.9980304
1.1715758621115362,-0.0544639282399146,-3.9925458,3.9617233
1.171328797842117,-0.0551417208507944,-3.9999444,-3.998282
1.1710277320804952,-0.0559492779177398,-3.999598,-3.8015378
1.170773469930926,-0.056617182430476,3.9005644,-3.9851336
1.1704644701999551,-0.0574127175205801,-3.7185185,-3.7804236
1.1702034613544603,-0.0580703015604629,-3.9999957,-4.0
1.1698865403810477,-0.0588527079273333,-4.0,-4.0
1.169619186912076,-0.0594993666090739,3.999981,3.9998987
1.169294602401012,-0.0602689538724627,3.1121297,3.9999833
1.16902106680524,-0.0609050379465553,-4.0,-3.9999936
1.168689115753648,-0.0616618953686677,-0.020758443,3.999993
1.1684093120690415,-0.062286926540624,1.9615889,-3.9999893
1.1680701074289292,-0.0630303191493164,-2.5396483,3.999857
1.1677844597648646,-0.063644061649637,3.975248,-3.9979806
1.1674383839175195,-0.0643738493368869,-3.9996252,3.9711242
1.1671470285142185,-0.0649762681446115,3.99961,3.9963026
1.1668533221758628,-0.0655733564401816,-3.9957178,-4.0
1.166497561705239,-0.0662833493256245,-3.980817,3.9676785
1.1661985518589084,-0.0668690839771494,-3.9997153,-3.8638773
1.1658368844844724,-0.0675654049930395,0.085837536,-3.9602542
1.1655327272008034,-0.0681398068816507,3.303858,-3.9996903
1.1651649402362536,-0.0688219639264159,-0.43230966,3.9647453
1.16485609836763,-0.0693846626281992,-4.0,3.7890599
1.1644823858228188,-0.0700525547736455,3.1473877,-3.9991214
1.164168735259778,-0.0706030845616021,3.893181,-3.9621584
1.163789606289539,-0.0712565096639292,-3.9999986,-2.6231568
1.1634715040316594,-0.0717951943624101,3.5340376,-3.9467149
1.163087338735202,-0.0724344231895841,-3.9995,3.94209
1.1627649259555493,-0.0729611798745143,-3.958007,3.9381158
1.1623754921977176,-0.0735860606135697,3.999469,-3.9999905
1.1620489420720554,-0.0741009571529568,-0.95959914,3.9273896
1.1616547165855082,-0.0747113836621168,3.9993107,-3.9999504
1.1613242422563612,-0.0752144767262255,-1.2290628,3.759095
1.1609253374002202,-0.075810780535336,3.9988277,-3.999996
1.1605910804301431,-0.0763020623199885,-3.9946213,-3.6691356
1.1602549752242088,-0.0767881923783265,-2.0166333,-1.8846924
1.1598496543731711,-0.0773646710181981,-4.0,-3.999975
1.1595099120180992,-0.077839387670855,-3.9823067,-3.9999616
1.1590999168720633,-0.0784021202003292,-3.1793284,-3.999799
1.1587566466502752,-0.0788652616037876,3.9996357,-3.9999905
1.158342603462648,-0.0794140359440532,3.9999926,-3.999985
1.157995933692197,-0.0798654638919197,-3.998109,-3.9996545
1.157578112571332,-0.0804000634828264,-3.817204,-3.9996798
1.157228385397013,-0.0808395980680127,-3.9596567,-3.9999974
1.1568068798256266,-0.0813598185637609,2.8195043,-2.321187
1.1564542958990425,-0.0817871922783145,-4.0,-3.9724445
1.1560294924817884,-0.0822926969456381,0.54589933,-3.9960213
1.155674169629494,-0.0827076989567512,3.9550414,-3.9999933
1.1552464697987403,-0.0831977426919056,-4.0,3.9990587
1.1548888776530253,-0.0835990642356691,-3.9999995,2.9481137
1.154458640212956,-0.0840721049218711,3.9997792,-3.9999995
1.1540992808409678,-0.0844593937954003,-4.0,3.999341
1.1536669554446846,-0.0849157764331118,3.9997008,-3.9999986
1.153305938848617,-0.0852890804112883,-3.9997125,4.0
1.1529441133804597,-0.0856559006740352,-3.8816433,3.9370518
1.152509057279426,-0.0860870448305344,-3.9987633,4.0
1.1521459761366952,-0.0864388468695664,2.5822423,3.999688
1.151709868467742,-0.0868518126213612,-3.9981358,4.0
1.1513460854036754,-0.0871883024575488,3.9998283,-4.0
1.1509091857534095,-0.0875831282109656,3.8962886,-3.977823
1.1505449868458664,-0.0879045987211485,-3.9228592,4.0
1.150107484896812,-0.0882804798205564,3.9999776,-2.9617481
1.1497428977283428,-0.0885857310712566,-3.9230676,4.0
1.1493051292141878,-0.08894200129476,4.0,-3.9866252
1.148940268694845,-0.0892306661536022,-3.8638537,4.0
1.148502715165003,-0.0895671987280432,4.0,-3.6504233
1.1481382514186518,-0.0898396212473709,4.0,3.232018
1.1477011661302703,-0.0901567286106115,-3.037712,3.9999995
1.1473369543036451,-0.0904126006327318,4.0,-1.5675229
1.1469004750669107,-0.0907098126431608,-2.4681382,4.0
1.146537052039319,-0.0909492659857326,3.995678,-3.79946
1.146101536118684,-0.0912268111499188,4.0,-3.8008041
1.1457390940903145,-0.0914500418990783,2.887608,3.9999967
1.1453771036264044,-0.0916657192797488,3.8095,3.9357746
1.1449435055133024,-0.0919142147244066,3.768135,3.999891
1.144582926562946,-0.0921128403420926,3.6567647,3.9966292
1.1441512952511106,-0.092340853917584,-3.9996264,-3.9951394
1.1437923114887605,-0.0925227135809138,3.446619,3.9999795
1.1433626674410395,-0.0927308051915318,-3.9993703,-3.949718
1.1430053531049067,-0.0928959352436808,4.0,-3.9919496
1.1425777158299295,-0.0930838533565548,-2.5735095,-3.9743679
1.1422222302666,-0.0932321411026478,-3.9992502,4.0
1.1417967266342324,-0.0934002786201474,4.0,-3.9356682
1.1414433473187295,-0.0935321218112576,-3.9756901,-3.9641979
1.1410205044047377,-0.0936802124375661,4.0,4.0
1.1406694366322117,-0.0937947144181204,4.0,4.0
1.140249707672996,-0.093920802693424,4.0,4.0
1.1399017258717483,-0.0940163596416651,3.9997582,4.0
1.139486283903625,-0.0941195930002593,3.9998074,4.0
1.139141712843275,-0.0941960797181373,3.996579,4.0
1.1387301741048603,-0.0942763962150196,4.0,4.0
1.1383887897927762,-0.0943337568433551,3.9999728,4.0
1.1380490433286057,-0.0943824048435613,4.0,4.0
1.1376435604245172,-0.0944292684142262,-3.9737155,4.0
1.1373075828525123,-0.0944587157518491,3.9979491,4.0
1.1369068820329862,-0.0944825130529863,-3.5163252,4.0
1.136574954673081,-0.0944927182527393,-3.133334,4.0
1.1361792502632455,-0.0944934020679323,-0.10807554,4.0
1.1358517412945932,-0.0944843294466546,3.999973,4.0
1.135461327266817,-0.0944618615715878,3.9981096,4.0
1.1351382126260412,-0.0944334797343517,-3.6964543,4.0
1.134753160892156,-0.0943878221144394,-3.7550135,4.0
1.1344345780845626,-0.0943401012449878,3.999996,4.0
1.1340551633487,-0.0942712210673915,3.9999952,4.0
1.1337414245357458,-0.094204136294469,3.9636543,4.0
1.1333679606579907,-0.0941120070800954,3.8893664,4.0
1.1330593656771744,-0.0940255394421553,-2.2023654,4.0
1.1326923834885765,-0.0939101432073452,0.41113204,4.0
1.1323896011403118,-0.0938042840670648,3.0844996,4.0
1.1320301834387108,-0.0936656215163038,3.9820924,4.0
1.1317341045098732,-0.0935403814650195,-3.9992616,4.0
1.1314406370483308,-0.0934063382174247,3.9997954,4.0
1.13109213822433,-0.0932338667453293,3.999993,4.0
1.1308047047352072,-0.0930804596172237,3.9999995,4.0
1.1304635364099722,-0.0928847563405678,-1.3602642,4.0
1.1301821408799035,-0.0927119940238639,3.9956903,4.0
1.1298480737147696,-0.0924930695653872,4.0,4.0
1.129572879863126,-0.0923009604805856,-3.990104,3.9999995
1.1292462154867997,-0.0920588279061574,3.9999995,4.0
1.128977246358294,-0.091847385399221,-3.973495,3.9999995
1.1286580885456554,-0.0915820618798251,3.9999921,4.0
1.1283955493202829,-0.0913513028400852,3.9999998,4.0
1.1280845913373594,-0.0910628147882086,3.9998417,4.0
1.1278288982930855,-0.0908127669768468,-3.9963045,3.9999995
1.1275258301323867,-0.0905011494216985,4.0,4.0
1.1272764733200125,-0.0902318409072217,3.9825375,4.0
1.126981287930486,-0.0898971244145396,-3.9939625,4.0
1.12673866847598,-0.0896085809442172,4.0,4.0
1.126451732385382,-0.0892508046006447,4.0,4.0
1.126216008821219,-0.0889430634065337,3.5066826,3.9999995
1.1259835312820214,-0.0886266091185867,-4.0,-3.9611213
1.1257083599053763,-0.0882361669740279,-3.9998112,3.9360464
1.125482581835349,-0.0879013677385172,4.0,4.0
1.1252160766845989,-0.0874881568680858,-3.9982488,3.9790757
1.1249973775161433,-0.0871342939405153,-3.9998312,2.5837073
1.124739296430957,-0.0866983894531463,3.9266775,3.9244146
1.1245278812973094,-0.0863259951131006,-3.6850767,-3.3238814
1.1242783821285671,-0.0858685440730366,4.0,4.0
1.1240740426582625,-0.0854784471620655,3.9985254,3.9895034
1.123833098482893,-0.0849998088517256,-3.0662658,2.4766781
1.1236358595401226,-0.0845920477281898,-1.3149421,3.5077937
1.1234031943601563,-0.0840924311460277,4.0,4.0
1.1232129525140548,-0.0836674106409567,4.0,4.0
1.1229890494013317,-0.0831466492673428,4.0,3.9999993
1.1228059963048564,-0.0827039517274396,-3.9999464,-3.9905357
1.1225903900300005,-0.0821625861914802,4.0,3.9999983
1.1224144703923318,-0.0817025757128997,-3.9990842,-2.6556559
1.1222075880848317,-0.0811402310714596,-3.9999144,-3.7929184
1.1220385642718305,-0.0806631763015104,1.216809,3.6042788
1.1218726978846223,-0.0801784014041077,4.0,4.0
1.1216780698279731,-0.0795862938322693,4.0,4.0
1.1215194681587417,-0.0790841673352902,-3.1994557,2.4895127
1.121332994034443,-0.0784715862087384,2.3506932,3.8688297
1.121181220130327,-0.0779525669352316,-4.0,-3.9430451
1.121003187222653,-0.0773195750136082,-3.9044597,2.1453516
1.120858189586724,-0.0767836551989994,4.0,4.0
1.1206883743499412,-0.0761305697291459,-3.9998584,-2.1312685
1.1205503649356017,-0.075577898407603,4.0,3.9999995
1.1203889213570195,-0.0749045382370803,-3.9998333,-2.9523215
1.120257658398598,-0.0743352778890609,-4.0,-3.907757
1.1201040717675217,-0.0736422918752322,3.9914827,3.999965
1.1199794585264486,-0.0730565206056621,-2.3785226,3.78364
1.1198339652881475,-0.0723435268573686,3.9450436,3.9995062
1.119716245804519,-0.0717410423494485,3.6226459,3.9993155
1.1195788911265483,-0.0710084692734528,3.1824248,4.0
1.1194678225501171,-0.0703899659518916,-2.556369,3.9958937
1.119338222240644,-0.0696381799151338,-4.0,-3.7655003
1.1192334976699845,-0.0690035820946358,-4.0,-3.988797
1.1191317816133253,-0.068361744159753,-4.0,-3.9899962
1.1190136450632338,-0.0675816623365771,-4.0,-3.999681
1.1189184831508625,-0.066923747855278,-4.0,-3.9998133
1.1188082804734152,-0.0661248555131195,-4.0,-3.9999263
1.1187196798843213,-0.0654512772597676,-4.0,-3.998177
1.1186170219710283,-0.0646337007613804,-4.0,-3.9996467
1.1185345159368532,-0.0639447235886362,-1.2296811,3.9999993
1.118438845938112,-0.0631082546043346,-3.9978685,3.9999967
1.1183622522640195,-0.062403191050575,3.8996716,3.9999995
1.118274216947457,-0.0615474792490897,3.8910165,3.9999986
1.1182038595199664,-0.0608263823253086,-4.0,3.877292
1.1181226508666051,-0.059951616975804,3.2330003,3.9999993
1.1180578010833595,-0.0592147144886638,3.9393773,3.9999993
1.117983475755652,-0.0583210012839156,-4.0,-3.999893
1.117924146908924,-0.0575685999384197,3.2657132,3.9999988
1.1178559975836868,-0.0566563072510173,3.9933164,3.9999986
1.1178020082761848,-0.0558884136117788,3.7049446,3.9999995
1.1177400295639268,-0.0549577640447946,-2.6585498,3.99729
